Order,Sales_in_thousands,Vehicle_type,Order Date,dealership,color,Power_perf_factor,Fuel_efficiency,Fuel_capacity,Engine_size,Horsepower,Wheelbase,Width,Length,Price_in_lakhs
4100134,4.85,car,2023-11-26,"404, Boston, MA, 02215",#24cc59,156.6471,21.8,19,2.53,200,94.08,71.17,168.15,17.73L
4100136,15.65,car,2023-07-17,"91, San Francisco, CA, 94016",#5c22fa,95.54393,23.5,23,3.02,265,102.77,79.34,196.93,4.69L
4100144,4.33,passenger,2023-11-21,"10, Portland, OR, 97035",#87f1c7,30.94899,19.5,15,5.46,177,83.29,68.25,233.17,21.77L
4100146,8.98,car,2023-12-17,"57, San Francisco, CA, 94016",#aec562,141.70133,18.2,25,1.52,218,97.74,86.04,212.64,23.29L
4100147,11.96,passenger,2023-10-28,"221, San Francisco, CA, 94016",#f2c704,30.0424,21.7,15,1.54,167,98.21,63.99,262.81,18.21L
4100148,8.98,car,2023-12-27,"39, San Francisco, CA, 94016",#33a3a7,62.40337,29.7,19,2.93,264,89.63,78.51,265.29,13.65L
4100153,15.52,passenger,2023-12-09,"112, Atlanta, GA, 30301",#c2a3ea,62.43119,29.9,15,2.13,278,84.4,68.8,272.28,25.62L
4100155,7.03,passenger,2023-07-02,"598, Dallas, TX, 75001",#288d7a,125.30896,26.7,23,3.76,165,105.09,60.06,214.33,19.69L
4100157,7.10,passenger,2023-09-16,"341, Los Angeles, CA, 90001",#ca2d90,98.51451,26.0,19,1.51,279,94.08,61.44,284.69,29.96L
4100162,5.17,car,2023-12-09,"384, San Francisco, CA, 94016",#d0f21d,43.69378,28.9,17,1.15,249,98.04,69.38,220.81,17.31L
4100167,16.00,car,2023-08-23,"77, San Francisco, CA, 94016",#c139dd,83.26873,16.3,25,5.91,246,84.37,76.73,269.31,7.20L
4100168,6.62,car,2023-09-22,"106, Los Angeles, CA, 90001",#e3dd87,129.39807,15.3,27,5.75,193,81.95,74.62,174.83,22.03L
4100170,15.54,car,2023-10-04,"343, New York City, NY, 10001",#9e1b08,163.09901,28.9,22,5.1,239,104.96,61.92,247.62,13.20L
4100177,4.41,passenger,2023-09-20,"343, Seattle, WA, 98101",#342bd6,178.4369,22.0,25,3.77,274,105.53,87.75,257.09,14.18L
4100179,7.49,car,2023-07-19,"905, Austin, TX, 73301",#070e63,131.07009,21.2,28,1.11,270,90.46,74.89,207.79,23.07L
4100181,12.34,passenger,2023-08-07,"23, New York City, NY, 10001",#3d1daa,61.97641,21.6,22,3.87,280,86.9,85.23,218.51,11.93L
4100183,14.67,car,2023-08-02,"290, Atlanta, GA, 30301",#bc10df,93.72228,27.0,28,5.58,167,109.96,79.24,215.89,29.29L
4100184,11.27,passenger,2023-11-09,"163, Los Angeles, CA, 90001",#a79209,100.05079,27.6,15,3.14,232,82.54,72.26,279.8,23.12L
4100188,16.39,car,2023-12-09,"328, San Francisco, CA, 94016",#b6a246,142.22058,22.1,18,5.65,216,89.47,74.62,242.69,20.22L
4100189,16.58,passenger,2023-11-24,"63, Los Angeles, CA, 90001",#efefac,184.23182,29.6,18,4.21,210,86.69,69.49,258.61,19.90L
4100194,8.15,car,2023-12-14,"428, Los Angeles, CA, 90001",#a8a13a,173.65672,20.6,21,1.52,155,85.5,76.48,203.58,10.51L
4100197,13.22,car,2023-10-23,"83, San Francisco, CA, 94016",#8a7bd1,183.91145,29.7,19,5.81,165,96.05,79.79,299.2,10.66L
4100200,8.95,passenger,2023-07-20,"191, Portland, OR, 97035",#427bbc,61.19085,24.5,27,4.62,265,98.83,70.99,227.3,7.14L
4100201,15.35,passenger,2023-09-06,"866, Boston, MA, 02215",#6598cc,88.33939,18.0,26,5.47,168,99.85,67.76,261.9,11.25L
4100203,11.82,car,2023-09-03,"673, San Francisco, CA, 94016",#f91d81,65.61036,17.2,15,5.87,190,96.15,66.95,224.64,21.78L
4100204,7.70,car,2023-12-22,"904, Boston, MA, 02215",#caed19,110.2382,17.7,19,4.93,203,89.78,67.64,214.54,21.47L
4100206,7.89,passenger,2023-10-26,"924, Los Angeles, CA, 90001",#9e1538,86.28132,15.4,27,1.54,162,100.02,78.21,215.36,20.40L
4100215,6.79,car,2023-07-01,"784, Seattle, WA, 98101",#3d567c,31.53759,28.5,22,3.67,160,106.75,83.01,228.49,9.13L
4100216,10.14,car,2023-11-09,"394, Portland, OR, 97035",#5a33ee,174.36253,24.0,19,1.25,254,93.47,68.75,173.48,7.31L
4100220,11.74,car,2023-07-08,"897, Dallas, TX, 75001",#ce6575,34.2815,29.4,19,5.41,181,108.26,70.36,206.04,28.88L
4100224,16.99,passenger,2023-09-17,"347, San Francisco, CA, 94016",#bb559e,88.9057,20.4,19,5.34,248,89.96,72.66,226.01,17.24L
4100229,14.05,car,2023-12-25,"491, Portland, ME, 04101",#ce5251,117.25563,17.4,20,2.1,265,99.01,72.57,271.87,12.10L
4100230,19.08,passenger,2023-10-23,"94, Boston, MA, 02215",#d6c497,109.53886,21.1,26,3.96,272,82.52,60.47,224.38,12.37L
4100233,14.56,passenger,2023-11-12,"63, Dallas, TX, 75001",#0f1ddf,91.80645,25.7,15,3.56,166,83.85,68.06,269.9,17.67L
4100234,8.37,car,2023-07-22,"541, San Francisco, CA, 94016",#e54c03,62.06699,27.9,19,1.09,160,84.64,81.78,250.78,29.77L
4100235,11.99,car,2023-11-25,"558, San Francisco, CA, 94016",#489415,44.47323,25.3,25,1.34,219,105.84,81.52,239.42,4.09L
4100243,14.71,passenger,2023-12-11,"23, Atlanta, GA, 30301",#9449e0,91.19446,17.9,16,1.16,167,96.61,75.95,223.41,7.05L
4100244,18.19,car,2023-08-22,"506, San Francisco, CA, 94016",#571848,171.6903,23.0,15,1.82,258,87.66,66.79,243.49,28.31L
4100247,14.96,passenger,2023-11-28,"497, Dallas, TX, 75001",#b3532e,107.67148,26.7,20,1.39,215,106.36,68.02,187.27,28.30L
4100249,9.54,car,2023-08-09,"101, New York City, NY, 10001",#43fafa,73.51773,30.0,19,3.76,151,100.59,74.8,160.2,25.08L
4100253,16.10,passenger,2023-09-06,"998, Los Angeles, CA, 90001",#1b9718,145.81286,26.9,23,4.2,177,105.85,88.7,260.79,4.64L
4100254,15.86,car,2023-08-08,"521, New York City, NY, 10001",#6aad39,57.1178,27.9,24,5.34,163,93.37,71.32,294.61,16.83L
4100259,18.20,passenger,2023-07-08,"508, San Francisco, CA, 94016",#bbaec6,94.55054,29.6,28,5.98,220,99.46,85.7,272.45,3.21L
4100261,5.66,passenger,2023-07-26,"359, San Francisco, CA, 94016",#cd55f1,37.11495,21.1,28,4.74,206,99.13,85.77,282.46,3.42L
4100262,10.55,car,2023-10-06,"19, Los Angeles, CA, 90001",#7e08b0,47.69776,24.7,23,1.76,277,83.42,72.4,289.89,24.30L
4100263,19.38,car,2023-09-08,"130, Boston, MA, 02215",#8852c3,112.376,26.5,23,3.28,264,92.71,73.44,176.41,19.61L
4100264,11.57,passenger,2023-08-08,"725, San Francisco, CA, 94016",#988996,172.57812,27.0,16,3.2,247,100.23,83.06,180.74,17.14L
4100267,10.58,passenger,2023-07-09,"358, Portland, ME, 04101",#32bbfc,33.76307,22.9,25,3.69,220,103.22,75.8,291.43,15.21L
4100269,15.38,passenger,2023-11-12,"841, San Francisco, CA, 94016",#ea4369,78.1595,18.2,17,4.75,193,99.65,82.83,278.89,29.76L
4100273,9.40,passenger,2023-08-28,"872, Los Angeles, CA, 90001",#7ad266,138.27117,19.4,16,5.29,152,91.24,83.47,229.73,9.38L
4100274,12.46,passenger,2023-07-09,"263, San Francisco, CA, 94016",#692a12,53.05838,21.4,28,1.33,280,99.34,80.23,282.18,12.56L
4100276,11.65,passenger,2023-10-01,"867, Portland, OR, 97035",#6a2a37,146.38451,19.5,23,4.5,241,86.64,82.74,233.95,24.92L
4100282,7.48,car,2023-11-04,"831, Seattle, WA, 98101",#4c0c6a,149.90268,22.2,17,2.74,275,84.77,73.51,221.54,5.78L
4100284,17.23,passenger,2023-08-09,"20, Austin, TX, 73301",#d43452,173.78612,29.8,18,3.25,174,103.5,64.67,266.04,7.64L
4100285,6.29,car,2023-07-24,"283, San Francisco, CA, 94016",#77210d,93.75825,15.9,19,5.6,181,83.78,75.65,209.36,16.92L
4100286,8.88,passenger,2023-11-13,"206, San Francisco, CA, 94016",#50c729,159.20495,25.1,22,2.73,182,92.63,70.05,280.22,22.72L
4100287,13.78,car,2023-07-22,"267, New York City, NY, 10001",#32bf6c,100.57087,21.6,20,2.91,240,101.59,65.51,276.78,13.12L
4100294,6.67,passenger,2023-07-27,"284, San Francisco, CA, 94016",#2275c7,47.9947,25.7,18,5.03,211,92.73,79.39,203.59,11.35L
4100296,19.27,car,2023-09-18,"424, San Francisco, CA, 94016",#0b1536,170.98625,24.0,18,1.83,153,94.22,88.4,180.79,10.59L
4100297,11.15,car,2023-10-20,"518, New York City, NY, 10001",#7c1789,169.70022,18.0,28,4.41,197,105.17,64.65,257.53,17.16L
4100298,4.70,passenger,2023-08-22,"882, Los Angeles, CA, 90001",#6edb88,160.3943,16.5,16,2.41,168,103.82,71.32,278.15,29.43L
4100299,3.16,passenger,2023-09-28,"56, Atlanta, GA, 30301",#970e66,138.64861,18.2,24,1.89,241,95.06,87.71,292.82,12.25L
4100302,8.31,car,2023-09-23,"88, San Francisco, CA, 94016",#8ee0c3,163.40142,15.1,16,5.52,170,87.0,63.55,279.86,5.03L
4100308,5.98,car,2023-12-28,"221, San Francisco, CA, 94016",#886432,139.04484,21.7,22,3.77,163,80.73,74.71,241.79,13.58L
4100310,15.35,car,2023-10-17,"997, San Francisco, CA, 94016",#d7a041,152.22656,19.2,26,4.48,241,106.17,61.86,297.25,15.30L
4100311,18.24,passenger,2023-10-16,"747, Los Angeles, CA, 90001",#911b93,39.3913,21.6,20,2.6,243,102.53,66.03,295.81,7.51L
4100313,16.16,passenger,2023-09-14,"255, Portland, OR, 97035",#30685b,113.22724,27.2,24,5.2,248,94.03,86.05,163.48,25.04L
4100321,16.52,passenger,2023-09-25,"635, Seattle, WA, 98101",#e990b0,106.14874,20.5,25,4.83,265,99.02,85.82,203.5,6.53L
4100323,14.85,passenger,2023-11-17,"538, Los Angeles, CA, 90001",#042b37,94.32616,23.5,20,5.69,204,87.36,68.65,199.05,4.56L
4100326,15.67,passenger,2023-10-22,"629, Seattle, WA, 98101",#38959a,165.215,24.4,21,2.59,174,105.86,75.46,220.75,28.04L
4100332,14.69,passenger,2023-12-06,"870, San Francisco, CA, 94016",#4e87cb,56.75193,16.1,15,3.3,166,106.27,75.23,255.49,26.34L
4100333,10.06,car,2023-11-13,"188, San Francisco, CA, 94016",#440f04,74.61902,21.7,23,5.18,164,84.59,79.49,195.73,14.34L
4100336,14.48,car,2023-07-12,"106, Boston, MA, 02215",#6662cf,156.47471,17.8,15,1.89,224,81.3,78.46,245.13,14.55L
4100338,6.00,car,2023-10-19,"151, San Francisco, CA, 94016",#e9adb6,88.51493,26.2,20,2.71,160,82.12,73.63,181.09,21.42L
4100346,10.87,passenger,2023-12-20,"788, Los Angeles, CA, 90001",#8afd84,113.46647,26.9,27,2.37,242,88.32,61.44,220.79,20.19L
4100347,13.68,car,2023-10-11,"769, San Francisco, CA, 94016",#f4982b,99.63538,17.8,15,1.92,153,94.78,65.17,201.21,10.37L
4100352,5.98,car,2023-07-03,"435, Atlanta, GA, 30301",#c849d5,48.21365,18.0,15,2.96,186,105.13,76.54,218.25,8.26L
4100353,16.90,passenger,2023-08-20,"266, New York City, NY, 10001",#68babf,100.259,29.7,23,2.94,150,92.38,72.88,242.69,5.11L
4100354,10.66,passenger,2023-08-14,"640, Los Angeles, CA, 90001",#afae38,184.03689,26.2,24,5.63,270,109.47,74.5,278.16,25.56L
4100356,6.15,car,2023-10-10,"572, Portland, ME, 04101",#ace615,186.6939,29.5,15,1.35,228,109.8,72.03,263.23,22.35L
4100358,4.82,car,2023-09-18,"356, Boston, MA, 02215",#283ae3,97.96639,28.7,26,3.3,231,104.45,68.15,209.78,19.56L
4100359,19.58,car,2023-09-14,"604, Boston, MA, 02215",#e7649b,75.42068,27.4,28,2.0,200,88.71,76.85,166.37,7.11L
4100361,19.18,car,2023-10-06,"151, San Francisco, CA, 94016",#d04fec,130.99258,26.4,16,4.16,173,105.68,66.21,274.87,7.32L
4100363,11.61,car,2023-07-21,"535, Austin, TX, 73301",#a197b8,117.86885,17.9,21,1.04,223,81.49,89.62,293.23,26.91L
4100365,17.64,passenger,2023-08-14,"343, Los Angeles, CA, 90001",#312187,144.07874,21.0,24,2.5,253,97.66,62.83,256.15,27.74L
4100366,3.19,car,2023-08-15,"29, Seattle, WA, 98101",#39a234,164.24673,16.9,17,2.16,247,91.45,75.01,228.75,19.99L
4100368,15.12,passenger,2023-12-27,"156, San Francisco, CA, 94016",#383e6b,110.79556,18.6,17,5.5,231,104.45,79.18,262.03,5.02L
4100369,18.66,car,2023-12-26,"607, San Francisco, CA, 94016",#4e3eed,78.72729,18.5,16,4.83,183,105.08,72.24,169.21,28.39L
4100370,5.01,passenger,2023-09-21,"940, New York City, NY, 10001",#ad5b6c,159.84032,18.6,27,1.43,275,98.78,70.08,174.33,9.75L
4100375,4.34,passenger,2023-09-22,"37, Los Angeles, CA, 90001",#4a6605,83.6247,24.7,19,1.4,224,81.36,80.16,177.88,14.16L
4100381,9.73,car,2023-08-15,"692, Boston, MA, 02215",#b02f09,189.57686,20.1,19,2.85,259,87.56,71.63,181.58,8.54L
4100382,15.18,car,2023-07-19,"735, San Francisco, CA, 94016",#949836,69.11192,27.1,20,3.74,276,85.71,70.8,264.1,24.90L
4100385,9.40,car,2023-08-06,"712, San Francisco, CA, 94016",#35d40c,119.19754,27.2,25,5.11,226,103.63,65.2,264.57,16.31L
4100386,10.46,passenger,2023-10-10,"952, Seattle, WA, 98101",#762a27,118.62359,17.5,26,1.44,235,94.23,61.58,170.52,25.82L
4100387,19.76,car,2023-10-14,"663, New York City, NY, 10001",#297924,103.77045,15.5,16,2.17,180,83.15,83.98,215.3,3.78L
4100393,10.13,car,2023-10-23,"426, Los Angeles, CA, 90001",#64ceb8,127.01277,23.2,19,5.93,218,98.99,61.4,214.17,27.15L
4100396,12.78,car,2023-08-24,"568, Portland, ME, 04101",#70bdad,48.74865,25.3,19,1.2,159,104.95,80.26,239.91,14.93L
4100399,17.58,car,2023-07-23,"645, Los Angeles, CA, 90001",#f71347,128.77171,21.3,15,1.26,186,106.71,61.33,283.07,21.53L
4100400,11.92,car,2023-07-07,"843, New York City, NY, 10001",#266dd6,72.85832,23.4,18,4.41,277,109.17,74.17,262.03,6.17L
4100402,15.62,car,2023-10-02,"361, Boston, MA, 02215",#672dd9,96.80592,25.0,23,5.14,175,106.69,67.08,191.97,25.99L
4100405,11.01,passenger,2023-10-06,"293, San Francisco, CA, 94016",#9f43e7,87.44196,16.0,27,2.15,228,81.65,74.14,260.42,27.27L
4100408,5.83,car,2023-10-19,"850, Los Angeles, CA, 90001",#461634,60.66246,23.3,28,1.87,243,86.47,80.8,281.9,28.24L
4100409,16.36,passenger,2023-09-13,"636, New York City, NY, 10001",#11d194,38.52947,20.1,21,1.27,271,80.39,63.96,189.66,17.15L
4100411,9.66,car,2023-08-05,"828, Seattle, WA, 98101",#606ad7,129.01886,22.5,23,2.14,159,82.97,69.57,265.01,11.13L
4100413,17.45,car,2023-09-13,"329, San Francisco, CA, 94016",#520f9f,33.09688,15.2,24,3.49,253,88.39,61.9,271.46,25.87L
4100415,19.65,passenger,2023-11-11,"502, Seattle, WA, 98101",#a4d945,185.97775,19.0,19,2.77,255,93.21,71.47,223.65,14.15L
4100419,7.25,car,2023-10-01,"384, San Francisco, CA, 94016",#9b0a94,163.51963,28.2,20,5.51,184,92.94,64.35,231.31,15.98L
4100422,9.82,car,2023-11-23,"112, New York City, NY, 10001",#660006,44.83741,16.7,25,1.19,237,105.81,60.5,176.75,22.14L
4100425,5.11,car,2023-09-16,"693, New York City, NY, 10001",#7c18b6,65.84375,24.7,16,2.8,251,84.36,70.55,271.28,10.19L
4100426,15.22,car,2023-10-28,"210, San Francisco, CA, 94016",#8ed8a8,64.38747,18.1,16,4.4,248,93.86,65.03,245.99,26.11L
4100429,12.42,car,2023-10-09,"246, Los Angeles, CA, 90001",#d81162,91.94168,18.9,15,4.24,215,100.13,69.08,176.54,24.35L
4100430,16.90,car,2023-12-09,"893, Boston, MA, 02215",#0f2132,105.51746,26.3,26,5.9,170,81.69,62.37,184.0,10.85L
4100436,8.18,car,2023-12-24,"329, Dallas, TX, 75001",#f488bf,64.85778,24.3,22,3.47,277,93.59,80.28,253.55,8.29L
4100443,12.58,passenger,2023-11-12,"73, San Francisco, CA, 94016",#945c39,164.88763,28.2,26,1.47,262,81.02,82.81,185.11,3.45L
4100450,11.59,car,2023-09-08,"34, New York City, NY, 10001",#705f76,90.95798,17.3,24,1.71,227,92.98,74.28,272.28,14.14L
4100451,10.39,car,2023-10-22,"228, New York City, NY, 10001",#d26860,186.17912,16.7,17,4.71,202,98.49,60.78,239.62,24.93L
4100457,13.92,passenger,2023-09-08,"221, Atlanta, GA, 30301",#089190,77.45115,16.2,28,2.91,165,108.43,61.9,293.62,16.32L
4100459,12.24,car,2023-10-03,"285, San Francisco, CA, 94016",#fe64d6,95.00356,19.9,22,5.6,168,83.58,67.13,188.84,28.30L
4100461,15.94,car,2023-08-19,"840, Los Angeles, CA, 90001",#49d9bf,51.17184,27.9,27,4.68,155,83.16,69.51,254.01,26.60L
4100467,17.70,car,2023-11-26,"293, New York City, NY, 10001",#adc335,99.03863,21.7,22,5.77,209,80.57,62.35,255.24,4.57L
4100471,9.55,passenger,2023-11-01,"704, New York City, NY, 10001",#e18315,39.98553,26.7,22,5.35,217,106.04,67.7,234.5,25.53L
4100472,13.24,passenger,2023-10-17,"440, Boston, MA, 02215",#5650e3,55.22331,24.1,23,2.38,172,107.3,73.64,272.23,20.47L
4100474,9.98,car,2023-09-07,"735, Dallas, TX, 75001",#9b5e4f,95.89027,27.2,23,1.56,169,87.91,61.68,267.41,6.26L
4100476,4.55,car,2023-12-06,"62, Los Angeles, CA, 90001",#9bda12,109.89934,18.6,15,2.41,223,104.36,64.35,222.49,28.88L
4100477,5.00,car,2023-10-06,"209, New York City, NY, 10001",#9c6c18,178.77992,26.1,15,1.94,201,90.91,73.66,184.26,5.00L
4100478,5.06,passenger,2023-11-11,"21, Boston, MA, 02215",#9653fe,158.0406,24.6,21,3.7,265,102.77,83.12,221.02,25.39L
4100480,12.20,passenger,2023-09-14,"290, Seattle, WA, 98101",#f5ae4c,92.77788,20.9,16,2.14,154,109.49,76.17,259.2,19.59L
4100481,8.17,passenger,2023-10-27,"935, Dallas, TX, 75001",#603eae,124.37929,26.2,24,4.64,176,98.62,72.84,177.88,26.04L
4100490,11.74,car,2023-08-05,"277, Los Angeles, CA, 90001",#1d1dd8,180.81184,27.5,22,5.5,232,88.65,80.06,244.31,18.48L
4100492,18.66,passenger,2023-09-22,"677, Boston, MA, 02215",#00f5c6,154.05275,26.9,15,4.49,153,90.87,81.35,285.71,15.41L
4100494,17.28,passenger,2023-10-11,"449, Austin, TX, 73301",#2399f2,189.72965,26.5,18,2.84,191,109.55,61.16,274.6,24.82L
4100496,19.37,car,2023-09-28,"940, Austin, TX, 73301",#b8968e,79.9859,28.8,22,4.26,176,87.42,83.73,189.24,13.94L
4100502,7.20,passenger,2023-12-09,"993, Portland, OR, 97035",#aa93d9,140.09008,23.7,22,5.17,200,107.31,84.08,287.76,20.42L
4100503,18.00,car,2023-07-24,"841, Atlanta, GA, 30301",#4cb323,126.13883,25.9,24,5.08,185,103.8,78.12,226.21,6.95L
4100504,18.86,car,2023-12-05,"745, Boston, MA, 02215",#e6fb92,139.88746,20.8,19,2.59,164,107.95,67.84,243.92,29.78L
4100505,7.40,car,2023-08-03,"352, New York City, NY, 10001",#2f3276,46.80829,20.3,28,4.61,177,98.8,67.77,188.94,23.74L
4100507,8.08,passenger,2023-10-11,"955, Seattle, WA, 98101",#08751a,188.15107,26.3,27,2.9,166,97.59,72.26,246.97,9.68L
4100517,3.03,passenger,2023-08-21,"812, Los Angeles, CA, 90001",#b0d46d,105.33205,28.2,23,4.07,214,104.27,62.46,193.4,5.10L
4100519,11.77,car,2023-07-13,"955, Seattle, WA, 98101",#2d4e83,151.93941,19.4,17,1.59,163,106.82,75.76,242.11,20.60L
4100521,3.21,passenger,2023-09-27,"701, Austin, TX, 73301",#2f7f85,62.87428,19.1,22,3.81,211,84.51,85.13,186.31,11.12L
4100523,10.35,car,2023-08-05,"151, Boston, MA, 02215",#0bc994,108.5771,16.8,27,1.91,234,103.78,64.91,213.95,13.55L
4100525,3.16,passenger,2023-09-18,"989, San Francisco, CA, 94016",#ad1ab7,164.38271,20.5,27,1.58,259,82.61,70.75,223.79,12.37L
4100526,8.19,passenger,2023-10-04,"981, New York City, NY, 10001",#1c9b72,48.52109,19.1,22,2.12,241,86.11,89.79,278.23,25.18L
4100529,18.79,passenger,2023-11-05,"386, Seattle, WA, 98101",#e9ddf0,180.96763,15.3,24,1.95,191,99.24,87.79,252.57,6.87L
4100534,17.75,passenger,2023-07-12,"825, San Francisco, CA, 94016",#bea1b4,98.01007,24.6,19,3.79,248,108.62,73.06,239.23,9.59L
4100535,19.66,car,2023-11-24,"615, New York City, NY, 10001",#1d9f7b,65.71112,23.7,19,3.75,174,103.56,62.95,279.87,17.81L
4100536,12.89,car,2023-11-18,"25, Atlanta, GA, 30301",#50c652,117.36657,24.7,27,3.94,186,86.01,61.74,227.59,16.64L
4100537,17.48,car,2023-08-17,"307, Boston, MA, 02215",#9ce2f6,59.63239,23.6,18,5.2,218,108.73,62.36,271.68,19.03L
4100539,16.69,passenger,2023-10-03,"514, Seattle, WA, 98101",#e102ac,129.31538,26.0,22,1.2,278,100.83,72.79,190.12,26.58L
4100541,10.78,car,2023-07-11,"495, New York City, NY, 10001",#efd007,58.29797,27.0,15,1.95,221,97.49,76.29,284.42,5.57L
4100545,7.25,car,2023-10-20,"650, Los Angeles, CA, 90001",#e8b937,34.92223,23.3,24,4.71,206,102.36,63.53,164.74,24.64L
4100547,12.29,car,2023-11-27,"720, Los Angeles, CA, 90001",#cc6b4b,169.73336,27.8,22,2.93,235,104.29,88.12,287.88,17.35L
4100548,10.05,passenger,2023-11-05,"825, San Francisco, CA, 94016",#40531f,32.51356,15.2,21,3.45,235,101.29,71.51,222.21,18.40L
4100549,11.95,car,2023-11-24,"30, Atlanta, GA, 30301",#466758,126.73682,19.8,19,1.77,228,106.7,64.24,178.04,13.57L
4100550,14.47,car,2023-11-09,"181, Boston, MA, 02215",#f154a3,142.6788,21.4,17,3.85,171,88.74,72.62,177.62,29.54L
4100555,16.27,car,2023-10-26,"190, Seattle, WA, 98101",#bfdb69,136.10247,22.1,23,5.4,181,89.71,83.1,235.12,25.89L
4100559,5.49,car,2023-08-28,"491, Los Angeles, CA, 90001",#5136aa,67.97542,28.8,16,1.51,249,86.86,65.98,274.84,23.16L
4100561,19.76,passenger,2023-07-05,"921, San Francisco, CA, 94016",#37a828,40.19719,25.0,23,2.11,239,84.01,70.31,243.92,29.41L
4100564,3.73,car,2023-12-14,"649, Boston, MA, 02215",#282761,166.28814,22.4,21,3.21,276,93.68,78.89,184.64,16.64L
4100565,4.54,car,2023-09-11,"827, Atlanta, GA, 30301",#bb5f38,128.6409,29.3,21,3.69,272,93.05,65.28,207.24,29.94L
4100568,4.81,car,2023-12-03,"75, San Francisco, CA, 94016",#8e4464,183.06691,24.3,26,3.19,151,89.23,65.72,267.61,12.06L
4100578,6.54,car,2023-11-21,"268, Boston, MA, 02215",#fdbb5f,71.6115,18.4,26,4.15,245,90.87,66.9,282.13,13.66L
4100579,13.28,passenger,2023-10-28,"419, Los Angeles, CA, 90001",#4bdf34,132.74729,15.4,23,2.26,250,103.13,71.06,292.55,16.77L
4100589,10.13,passenger,2023-10-01,"824, Atlanta, GA, 30301",#853cb1,79.72432,16.0,25,1.72,201,83.13,76.46,282.07,27.90L
4100590,13.04,passenger,2023-07-26,"383, Austin, TX, 73301",#f428ac,72.57093,20.5,24,5.52,178,93.55,63.99,275.25,20.78L
4100595,8.16,passenger,2023-09-11,"116, San Francisco, CA, 94016",#4599fc,138.73198,28.7,28,3.61,180,80.4,68.84,175.58,15.45L
4100596,3.57,car,2023-12-01,"162, Portland, ME, 04101",#fb4fad,161.89214,19.6,20,5.62,162,105.28,60.66,232.15,29.55L
4100598,5.87,car,2023-07-24,"587, Seattle, WA, 98101",#d84b9f,62.34112,24.9,27,2.18,219,91.11,78.0,257.97,29.61L
4100600,14.92,car,2023-10-19,"79, Atlanta, GA, 30301",#03caec,88.93464,17.8,19,3.17,190,81.96,63.7,270.38,29.51L
4100603,14.38,passenger,2023-08-02,"643, Atlanta, GA, 30301",#f1c839,97.26299,16.9,16,2.21,241,97.23,73.88,287.57,27.12L
4100605,6.65,car,2023-11-14,"474, New York City, NY, 10001",#437029,121.53015,16.3,27,2.0,175,83.0,68.57,285.87,14.41L
4100607,15.86,car,2023-09-20,"97, Los Angeles, CA, 90001",#f05234,183.65974,29.2,21,4.36,229,87.11,76.47,260.55,17.41L
4100610,8.02,car,2023-11-17,"651, Dallas, TX, 75001",#9d6e38,105.6751,24.9,15,1.27,204,106.1,82.07,162.3,29.47L
4100613,15.86,passenger,2023-09-11,"183, Portland, ME, 04101",#a3af8b,92.54139,19.2,26,4.12,187,88.33,82.51,206.45,14.84L
4100615,12.55,car,2023-09-14,"89, New York City, NY, 10001",#cd3751,180.71286,26.1,16,3.93,168,93.53,86.89,174.25,12.19L
4100619,8.86,car,2023-10-12,"361, Boston, MA, 02215",#4fbd13,147.4746,20.3,20,4.63,250,102.72,75.79,259.16,17.29L
4100626,7.49,car,2023-12-05,"875, Boston, MA, 02215",#a9e744,49.34312,20.2,16,2.94,231,102.88,74.1,200.38,16.47L
4100627,6.66,passenger,2023-09-17,"214, San Francisco, CA, 94016",#b08aac,85.79865,22.8,24,3.66,151,105.6,81.67,206.47,17.14L
4100631,7.18,passenger,2023-12-10,"237, Seattle, WA, 98101",#ef0af1,89.7017,20.9,26,2.09,252,81.57,88.0,219.41,9.40L
4100632,4.95,car,2023-08-10,"417, San Francisco, CA, 94016",#176f6e,122.81774,25.4,17,2.01,161,82.63,89.16,262.79,15.91L
4100137,5.36,passenger,2023-08-14,"724, San Francisco, CA, 94016",#3a5913,160.07959,23.7,20,4.6,165,80.91,71.62,293.48,9.85L
4100142,13.08,passenger,2023-07-22,"864, Los Angeles, CA, 90001",#1b5fde,122.72426,28.9,20,2.86,187,108.08,80.9,169.99,27.75L
4100143,8.44,car,2023-08-23,"575, Los Angeles, CA, 90001",#b27e35,68.03369,26.5,28,2.9,177,96.03,88.59,241.57,20.67L
4100146,6.24,car,2023-11-25,"421, New York City, NY, 10001",#51c80a,110.65603,22.8,26,3.47,256,84.06,67.04,172.9,20.54L
4100152,4.13,car,2023-08-04,"709, Austin, TX, 73301",#e2264d,177.5087,22.0,20,1.83,242,86.33,79.19,222.93,24.86L
4100154,17.53,passenger,2023-09-27,"667, New York City, NY, 10001",#22fc39,98.36729,25.6,24,2.71,187,88.06,77.98,173.16,4.07L
4100158,11.18,car,2023-08-04,"490, Atlanta, GA, 30301",#48cb43,42.07308,16.5,27,5.08,217,99.05,85.62,244.91,8.59L
4100159,16.48,car,2023-08-05,"583, Dallas, TX, 75001",#7f28e4,33.19494,21.0,27,3.88,161,94.9,89.96,186.87,13.99L
4100160,6.04,car,2023-08-22,"285, San Francisco, CA, 94016",#486f17,108.46303,15.5,26,3.91,271,88.1,74.67,198.93,5.68L
4100163,10.61,passenger,2023-07-07,"903, Portland, ME, 04101",#0a7886,105.86335,18.9,18,4.25,163,103.75,61.8,205.47,4.03L
4100167,18.35,car,2023-11-12,"734, San Francisco, CA, 94016",#51b8b1,179.30606,18.3,16,1.47,279,98.27,72.62,288.22,15.51L
4100173,7.39,car,2023-11-10,"877, New York City, NY, 10001",#6b51a4,113.05757,20.7,15,3.56,241,97.81,84.5,217.34,10.74L
4100183,6.39,car,2023-09-11,"321, Boston, MA, 02215",#19ddf5,47.6214,28.0,17,5.23,271,100.56,64.71,219.78,28.26L
4100192,9.45,car,2023-12-02,"403, Atlanta, GA, 30301",#75ae8f,180.7309,16.1,17,1.68,230,80.53,87.95,246.92,25.47L
4100196,19.47,car,2023-11-09,"974, San Francisco, CA, 94016",#c45033,173.0803,18.9,17,5.47,224,103.6,64.13,265.63,21.37L
4100204,17.63,car,2023-09-28,"22, Los Angeles, CA, 90001",#f11f90,159.64912,20.8,26,2.79,156,94.5,69.52,250.5,10.27L
4100206,8.85,passenger,2023-10-22,"736, Seattle, WA, 98101",#ce1f72,175.23216,20.8,25,4.31,252,84.57,71.17,291.22,4.16L
4100211,12.91,car,2023-11-10,"752, Portland, OR, 97035",#b60f37,141.90786,22.9,18,2.34,215,94.07,86.77,266.02,13.06L
4100213,5.38,passenger,2023-07-06,"213, San Francisco, CA, 94016",#572cbb,39.34866,23.9,15,2.97,237,108.2,72.69,204.55,27.44L
4100216,3.43,car,2023-12-07,"268, Dallas, TX, 75001",#965bc0,109.57836,19.2,20,3.93,193,101.27,84.92,267.83,20.40L
4100217,19.78,car,2023-07-09,"414, Seattle, WA, 98101",#a43749,103.02615,29.9,19,4.77,206,104.62,79.89,168.01,27.51L
4100223,11.12,car,2023-09-08,"869, New York City, NY, 10001",#30ec58,143.79775,22.8,24,3.03,199,109.5,86.82,249.0,4.52L
4100224,14.32,passenger,2023-09-10,"179, Los Angeles, CA, 90001",#c876ae,36.28915,29.7,24,2.36,154,97.31,89.13,188.72,20.49L
4100226,17.98,passenger,2023-07-08,"240, Los Angeles, CA, 90001",#d0b9a2,177.93361,16.5,27,2.3,228,89.67,68.44,244.3,17.34L
4100230,9.22,car,2023-08-26,"751, Seattle, WA, 98101",#309d72,156.18716,22.6,18,1.9,227,82.8,75.15,297.33,15.78L
4100234,9.87,passenger,2023-08-24,"388, Dallas, TX, 75001",#c56976,148.59838,22.6,16,5.15,240,89.23,61.11,244.67,13.58L
4100235,18.48,passenger,2023-10-26,"727, Portland, ME, 04101",#3b95b1,59.48067,27.8,28,1.58,267,91.3,68.55,210.7,13.19L
4100236,9.12,passenger,2023-09-05,"933, Dallas, TX, 75001",#d90e05,41.19407,28.2,16,2.15,171,102.77,79.53,258.39,3.15L
4100240,10.81,passenger,2023-09-11,"701, Atlanta, GA, 30301",#518fee,67.83046,18.3,17,4.91,163,90.98,73.1,224.95,12.63L
4100241,17.69,car,2023-11-19,"150, Los Angeles, CA, 90001",#ecda02,43.95473,18.7,22,4.49,238,109.27,67.3,219.58,5.67L
4100243,11.67,passenger,2023-09-18,"388, Dallas, TX, 75001",#149390,100.52658,26.3,23,4.56,233,91.44,68.19,192.8,21.80L
4100245,14.45,car,2023-11-05,"557, Portland, OR, 97035",#c43298,69.27349,17.2,25,4.31,264,95.25,65.14,268.28,13.70L
4100248,14.55,passenger,2023-10-06,"131, Atlanta, GA, 30301",#fafda1,52.94424,23.7,26,4.39,158,93.77,77.42,290.24,20.82L
4100250,5.11,car,2023-09-03,"654, San Francisco, CA, 94016",#ac5699,55.27496,28.7,27,3.22,227,86.11,75.18,253.56,7.56L
4100253,13.10,passenger,2023-11-11,"504, Austin, TX, 73301",#5cc089,130.60581,18.6,24,4.45,178,96.58,76.14,250.27,16.94L
4100258,4.45,passenger,2023-07-18,"700, San Francisco, CA, 94016",#aacf6b,45.07083,29.2,20,4.01,179,100.96,66.66,275.27,26.78L
4100261,13.95,car,2023-10-12,"433, San Francisco, CA, 94016",#b5f4a2,44.8616,24.5,25,4.22,155,97.86,87.04,234.99,20.87L
4100264,4.59,passenger,2023-08-22,"951, Portland, ME, 04101",#32fec8,100.1224,17.4,22,5.55,206,87.07,79.26,264.11,10.74L
4100266,16.91,car,2023-09-20,"367, Boston, MA, 02215",#a1c8cd,42.5848,19.8,23,1.17,201,92.41,62.31,212.26,19.02L
4100269,8.79,passenger,2023-09-08,"908, San Francisco, CA, 94016",#ed30d1,60.10284,21.3,21,3.57,180,88.08,76.71,242.14,13.26L
4100275,12.43,car,2023-09-09,"744, Portland, OR, 97035",#f834e6,161.60916,19.9,21,1.22,159,97.83,79.01,290.67,6.29L
4100276,15.72,car,2023-12-25,"596, New York City, NY, 10001",#834e5f,60.49922,17.8,22,1.09,258,80.45,66.8,273.82,14.59L
4100279,8.26,car,2023-11-09,"176, New York City, NY, 10001",#a729ac,52.93473,20.2,28,4.58,214,81.63,62.65,197.69,11.24L
4100280,19.90,car,2023-07-21,"187, New York City, NY, 10001",#366c6c,92.71212,22.1,28,2.46,260,107.44,75.15,287.49,6.91L
4100281,17.75,car,2023-07-27,"690, Seattle, WA, 98101",#4ca334,147.16705,15.7,16,5.01,242,92.36,64.15,185.4,21.26L
4100285,7.72,car,2023-11-11,"17, New York City, NY, 10001",#f4d327,51.32267,29.1,21,4.16,242,88.02,76.98,219.39,7.38L
4100286,16.64,car,2023-11-23,"602, New York City, NY, 10001",#86e80c,133.12878,24.5,20,4.38,218,106.81,67.86,285.05,9.65L
4100292,16.05,car,2023-11-17,"515, Atlanta, GA, 30301",#168ba3,75.36155,26.5,18,5.68,164,89.97,61.84,184.14,3.89L
4100293,5.83,car,2023-12-12,"327, Los Angeles, CA, 90001",#4fe914,186.08522,22.7,16,4.91,215,99.18,79.47,263.84,5.91L
4100297,13.00,car,2023-09-03,"998, New York City, NY, 10001",#c3ed67,33.70104,29.3,25,4.46,246,92.77,71.37,295.65,28.72L
4100298,10.12,passenger,2023-12-09,"101, San Francisco, CA, 94016",#9037f7,159.16867,23.0,18,3.14,233,82.65,68.28,210.63,25.07L
4100305,9.16,passenger,2023-10-22,"340, Los Angeles, CA, 90001",#c9a095,80.64639,21.6,24,2.43,169,109.51,62.97,253.52,11.59L
4100311,12.82,passenger,2023-09-22,"796, Los Angeles, CA, 90001",#b96bb1,60.43394,21.0,20,1.26,167,94.03,60.18,256.37,22.88L
4100316,17.42,car,2023-07-21,"734, Atlanta, GA, 30301",#930b0f,142.02186,18.0,23,2.26,224,90.86,84.49,183.7,14.56L
4100318,7.05,car,2023-12-02,"322, New York City, NY, 10001",#eddab1,186.43896,15.3,23,1.27,274,89.38,71.13,298.22,29.08L
4100320,13.89,car,2023-08-07,"154, Atlanta, GA, 30301",#a05a94,179.00289,22.2,24,5.93,275,92.13,68.75,266.69,23.34L
4100326,7.78,passenger,2023-11-04,"258, Portland, ME, 04101",#78749d,30.66655,23.4,16,1.9,171,94.7,71.17,282.85,14.57L
4100328,7.46,car,2023-09-13,"168, Seattle, WA, 98101",#526d00,32.50755,15.0,16,1.34,247,98.9,87.51,284.16,20.86L
4100329,16.97,car,2023-08-06,"974, San Francisco, CA, 94016",#c410fe,67.39063,18.8,20,2.19,238,109.0,88.71,207.37,8.08L
4100331,13.90,passenger,2023-12-15,"236, San Francisco, CA, 94016",#87891c,49.5107,16.9,17,1.21,162,92.39,75.3,228.05,8.81L
4100334,15.32,car,2023-09-23,"639, Atlanta, GA, 30301",#9ea152,90.93661,29.1,23,5.83,253,85.53,68.83,259.13,8.11L
4100341,17.90,car,2023-12-17,"418, San Francisco, CA, 94016",#3d2055,117.12952,17.1,17,2.93,204,87.51,70.68,170.98,4.70L
4100343,16.12,passenger,2023-11-03,"50, San Francisco, CA, 94016",#bca60a,175.33456,25.6,20,4.99,245,100.08,87.44,184.38,6.43L
4100344,3.64,car,2023-12-03,"919, Dallas, TX, 75001",#0817b0,43.93194,25.5,24,3.71,203,102.1,60.44,249.56,12.54L
4100354,8.94,passenger,2023-07-04,"659, Austin, TX, 73301",#dd6579,70.75632,23.1,20,5.26,246,82.04,61.32,279.94,14.53L
4100356,18.30,car,2023-07-19,"436, San Francisco, CA, 94016",#44b546,112.98838,28.9,21,1.18,151,89.03,88.92,227.99,15.12L
4100357,8.80,car,2023-12-10,"852, Atlanta, GA, 30301",#8dfb56,54.74719,22.3,22,2.0,224,94.07,62.25,195.35,29.69L
4100358,5.78,car,2023-10-24,"513, Los Angeles, CA, 90001",#3540d5,174.09977,24.5,20,2.39,254,96.66,78.77,253.49,28.16L
4100360,16.80,passenger,2023-07-04,"389, Seattle, WA, 98101",#04b6c5,112.95076,18.7,18,4.9,200,102.94,83.37,279.36,17.74L
4100364,5.67,car,2023-07-25,"544, Dallas, TX, 75001",#547258,71.67497,18.4,25,2.03,251,95.56,83.47,291.62,21.13L
4100365,9.42,passenger,2023-07-10,"36, Los Angeles, CA, 90001",#426fd8,187.94212,17.5,28,3.52,220,91.71,64.69,236.04,21.26L
4100367,9.17,passenger,2023-08-11,"532, Boston, MA, 02215",#de040a,58.73423,28.0,24,4.34,217,105.11,70.77,192.94,4.72L
4100368,10.15,passenger,2023-10-28,"480, Los Angeles, CA, 90001",#527ab9,66.91132,24.8,27,1.79,201,80.33,62.86,258.43,28.15L
4100370,7.66,passenger,2023-07-06,"666, Los Angeles, CA, 90001",#2ec376,162.63899,19.3,26,5.41,202,102.93,61.9,261.46,4.54L
4100371,14.72,passenger,2023-12-27,"618, Los Angeles, CA, 90001",#540e8b,76.3429,25.4,20,5.26,255,104.82,67.93,180.38,23.00L
4100372,5.52,car,2023-12-12,"440, Los Angeles, CA, 90001",#4b8623,63.69821,22.1,22,1.6,224,82.11,60.86,287.41,3.28L
4100377,6.50,car,2023-09-18,"336, Los Angeles, CA, 90001",#d7ba4c,100.49184,15.5,18,2.3,215,92.91,75.01,163.0,21.85L
4100381,8.40,car,2023-12-06,"459, San Francisco, CA, 94016",#0b1ac0,78.35041,25.5,28,2.88,159,85.05,61.43,179.98,25.52L
4100395,10.55,passenger,2023-11-19,"674, Boston, MA, 02215",#3f9ba0,64.91323,16.4,15,1.73,254,82.29,64.48,187.92,13.68L
4100396,5.02,car,2023-09-03,"646, Boston, MA, 02215",#6b60f6,162.02215,21.8,25,5.01,219,105.91,74.4,203.5,5.79L
4100399,3.05,car,2023-07-07,"828, Portland, OR, 97035",#d66892,102.99014,26.8,24,5.49,265,109.54,70.26,273.2,22.38L
4100402,6.99,passenger,2023-08-26,"941, Los Angeles, CA, 90001",#8ea4de,137.60923,21.5,18,1.64,237,88.38,81.15,262.12,7.09L
4100403,10.96,car,2023-10-25,"528, Austin, TX, 73301",#ec3be1,162.74017,21.9,18,4.13,226,87.0,61.44,212.53,11.73L
4100407,4.60,passenger,2023-09-03,"36, Los Angeles, CA, 90001",#6ea038,126.07141,19.7,27,5.9,225,89.08,74.79,217.38,15.16L
4100408,10.39,car,2023-11-25,"267, Dallas, TX, 75001",#a009c0,70.10962,16.3,23,3.36,180,93.94,86.36,195.39,22.34L
4100409,3.67,passenger,2023-10-06,"597, Boston, MA, 02215",#80dada,119.07447,19.0,25,1.12,271,100.16,87.25,185.21,15.29L
4100410,5.06,car,2023-09-20,"604, Boston, MA, 02215",#8bae52,147.06282,26.9,24,4.7,160,92.87,88.8,208.94,18.27L
4100411,11.46,car,2023-09-27,"786, Austin, TX, 73301",#093950,166.06776,25.9,23,2.31,200,103.56,68.51,161.86,13.04L
4100415,9.08,car,2023-11-15,"595, Portland, OR, 97035",#d8151c,47.041,23.0,15,5.57,219,102.52,87.28,171.59,18.42L
4100416,7.53,passenger,2023-09-15,"914, Los Angeles, CA, 90001",#efe6ef,59.47356,20.8,25,2.85,201,80.32,72.56,242.12,11.43L
4100418,5.51,car,2023-07-24,"925, Portland, ME, 04101",#596ccd,105.28096,17.0,21,1.26,198,95.92,82.41,286.73,7.18L
4100420,15.42,car,2023-12-24,"553, Los Angeles, CA, 90001",#ac53e0,52.8227,20.7,19,4.73,264,80.67,78.68,189.81,22.35L
4100422,4.50,car,2023-10-12,"724, Boston, MA, 02215",#f90aaa,30.379,29.7,28,2.94,222,107.98,87.6,274.62,28.70L
4100424,4.91,passenger,2023-09-02,"239, Los Angeles, CA, 90001",#eefde6,93.10298,26.5,15,1.37,237,88.07,62.44,161.58,25.50L
4100425,5.28,passenger,2023-08-16,"175, Los Angeles, CA, 90001",#8fd59a,117.26343,15.6,20,4.68,250,96.94,87.09,253.47,13.86L
4100426,9.18,car,2023-07-21,"668, Boston, MA, 02215",#82ae69,154.89862,28.0,24,1.51,234,93.54,71.09,243.68,25.57L
4100430,18.78,passenger,2023-08-08,"713, New York City, NY, 10001",#267d29,74.3314,22.5,20,3.83,213,81.35,70.93,227.63,25.81L
4100434,9.48,car,2023-09-11,"110, New York City, NY, 10001",#5b9321,181.7675,28.0,26,4.43,230,88.74,63.13,199.84,23.59L
4100435,16.77,passenger,2023-10-28,"699, Los Angeles, CA, 90001",#22c661,112.26692,19.3,18,3.32,179,90.79,66.9,272.73,20.87L
4100437,11.77,car,2023-10-06,"369, Los Angeles, CA, 90001",#885a9f,127.22356,27.3,28,1.65,262,107.42,84.32,245.86,6.76L
4100441,8.79,car,2023-10-28,"406, Los Angeles, CA, 90001",#d86f35,68.21354,23.2,27,4.72,243,86.08,70.84,247.3,21.48L
4100444,9.06,car,2023-07-18,"26, San Francisco, CA, 94016",#512b3c,175.38369,23.7,25,2.46,240,84.07,63.98,289.35,9.46L
4100448,19.69,car,2023-12-14,"182, Seattle, WA, 98101",#629e9f,120.90364,25.9,28,3.55,156,98.83,80.79,228.77,14.01L
4100451,11.80,passenger,2023-08-21,"613, Los Angeles, CA, 90001",#044f04,165.19723,24.4,25,1.74,154,98.7,85.74,295.29,29.56L
4100452,3.86,car,2023-11-05,"342, San Francisco, CA, 94016",#9bc47c,103.02359,19.0,16,4.66,153,86.44,80.13,252.28,23.65L
4100453,7.34,car,2023-10-01,"315, San Francisco, CA, 94016",#2a764c,170.60863,17.0,26,1.1,165,107.82,60.6,233.0,12.37L
4100455,10.09,car,2023-09-22,"200, Portland, OR, 97035",#9ceca0,154.31307,22.9,28,2.71,169,92.1,67.65,258.71,5.59L
4100456,4.13,passenger,2023-10-01,"572, Seattle, WA, 98101",#071493,34.77809,21.4,23,4.73,171,91.04,81.84,206.38,19.17L
4100457,16.83,passenger,2023-12-20,"259, San Francisco, CA, 94016",#f0627b,85.7547,20.7,26,1.18,272,100.48,83.63,269.52,18.65L
4100469,18.14,car,2023-07-06,"424, Seattle, WA, 98101",#f4bac4,186.16148,15.6,15,4.35,264,92.47,82.24,271.22,15.26L
4100470,6.58,car,2023-12-17,"709, Portland, OR, 97035",#8ba263,125.98931,21.4,28,3.74,236,89.3,72.73,280.01,15.59L
4100472,9.39,car,2023-11-09,"149, Los Angeles, CA, 90001",#4df314,106.1206,28.6,17,1.88,188,108.18,87.12,212.77,3.17L
4100474,11.48,passenger,2023-11-24,"297, Seattle, WA, 98101",#b91a85,68.48292,18.3,16,4.82,248,107.0,61.43,204.35,5.19L
4100475,6.05,passenger,2023-08-21,"683, San Francisco, CA, 94016",#a58327,126.15887,29.5,18,1.47,154,80.38,85.16,186.97,26.83L
4100478,17.02,passenger,2023-11-07,"718, Los Angeles, CA, 90001",#21e91c,45.02924,28.2,26,2.73,152,95.7,86.39,178.97,21.74L
4100481,16.20,car,2023-08-08,"988, Seattle, WA, 98101",#ef1c4d,71.04479,24.5,27,3.79,268,104.8,84.78,225.26,17.05L
4100484,15.06,car,2023-07-22,"943, Atlanta, GA, 30301",#59cfd8,45.21628,15.7,25,2.44,229,97.93,83.33,222.88,15.33L
4100486,15.97,car,2023-08-09,"473, Los Angeles, CA, 90001",#687999,153.68048,18.2,16,3.45,214,104.68,61.26,238.15,26.34L
4100488,19.38,car,2023-12-16,"845, Los Angeles, CA, 90001",#f000cc,134.19283,22.7,22,1.02,253,106.31,66.9,252.76,28.99L
4100490,6.90,passenger,2023-09-27,"720, Boston, MA, 02215",#662b82,93.92567,26.0,15,2.36,219,103.6,80.0,171.86,9.47L
4100492,7.53,passenger,2023-07-05,"227, Los Angeles, CA, 90001",#5f26e0,47.31002,15.5,21,3.94,264,81.03,89.18,186.7,3.00L
4100493,4.39,passenger,2023-10-19,"898, Seattle, WA, 98101",#d09f4c,125.33816,16.8,22,1.68,256,99.64,61.74,203.54,5.62L
4100505,15.73,car,2023-10-14,"726, Dallas, TX, 75001",#3ddf24,71.01022,26.4,21,4.99,166,84.41,85.21,255.07,17.92L
4100506,10.30,passenger,2023-07-03,"338, Atlanta, GA, 30301",#a80419,128.12773,26.3,23,4.77,232,80.86,74.34,212.43,15.92L
4100508,18.72,passenger,2023-09-13,"498, San Francisco, CA, 94016",#d1a28d,80.2766,17.2,25,2.38,177,80.29,88.24,231.7,4.53L
4100512,18.68,car,2023-12-14,"620, San Francisco, CA, 94016",#9940eb,101.55884,26.7,23,3.97,226,93.72,77.12,286.0,11.01L
4100516,16.73,passenger,2023-08-17,"598, Los Angeles, CA, 90001",#49f952,76.74513,29.6,22,1.16,232,100.66,65.66,196.75,13.90L
4100517,12.52,car,2023-08-14,"352, San Francisco, CA, 94016",#21df42,91.56739,18.2,20,2.91,255,103.24,66.72,232.42,12.61L
4100520,12.64,passenger,2023-10-02,"895, Portland, OR, 97035",#a9e5dc,141.19968,22.5,23,5.46,213,81.79,73.96,199.41,28.60L
4100522,11.44,passenger,2023-11-10,"486, Dallas, TX, 75001",#fa35c6,115.9422,26.2,22,3.94,203,92.57,65.77,208.97,5.10L
4100527,9.85,passenger,2023-12-24,"84, Atlanta, GA, 30301",#bf2a83,184.92048,17.2,27,4.19,204,109.71,73.04,203.49,29.17L
4100530,15.74,car,2023-07-27,"286, Seattle, WA, 98101",#8b55e8,124.17261,23.2,21,2.81,165,105.81,77.41,283.91,20.78L
4100535,4.09,car,2023-08-07,"453, San Francisco, CA, 94016",#eb5d68,38.2436,17.0,16,4.53,259,83.67,87.88,229.89,12.79L
4100546,6.10,passenger,2023-11-08,"169, Boston, MA, 02215",#3bf0c1,157.24523,29.8,20,2.83,215,108.03,77.44,205.2,28.86L
4100547,11.58,passenger,2023-09-01,"172, New York City, NY, 10001",#25e366,187.34948,19.1,27,2.55,175,92.45,64.11,201.42,20.73L
4100553,16.04,passenger,2023-10-08,"773, Austin, TX, 73301",#80c2b5,59.5343,17.4,19,1.48,218,97.31,68.33,293.96,14.31L
4100554,5.39,car,2023-09-01,"734, Atlanta, GA, 30301",#b15d25,136.49769,25.1,21,5.84,155,101.05,68.79,168.03,26.31L
4100557,10.60,passenger,2023-10-28,"126, Los Angeles, CA, 90001",#4f1598,138.62637,20.2,24,5.42,272,109.18,64.02,257.43,24.00L
4100559,9.77,car,2023-12-23,"339, Los Angeles, CA, 90001",#4045b9,183.50169,20.4,18,3.06,230,107.59,81.75,243.22,24.00L
4100562,18.57,passenger,2023-07-25,"578, San Francisco, CA, 94016",#58d1cd,126.69211,26.5,17,5.91,174,89.5,67.48,240.98,15.83L
4100565,4.31,passenger,2023-09-19,"229, Seattle, WA, 98101",#4dd002,138.08401,21.2,23,4.85,216,108.73,86.45,227.84,23.08L
4100566,10.30,car,2023-12-17,"767, New York City, NY, 10001",#c27abc,81.00105,21.9,28,5.27,163,100.34,64.33,169.25,6.50L
4100569,3.22,passenger,2023-11-16,"779, San Francisco, CA, 94016",#ba1db3,129.61942,18.7,27,1.09,241,94.13,62.35,284.1,27.83L
4100573,8.09,car,2023-12-24,"513, Los Angeles, CA, 90001",#386d72,103.35577,22.9,15,4.03,162,108.44,71.8,255.51,20.05L
4100577,12.71,car,2023-08-25,"750, Atlanta, GA, 30301",#625f96,75.82572,15.9,27,4.68,155,81.32,63.55,258.15,20.32L
4100578,17.53,car,2023-09-01,"761, Dallas, TX, 75001",#3148c6,50.06587,27.4,25,1.47,228,100.83,70.53,173.32,27.56L
4100579,13.66,passenger,2023-12-18,"284, Boston, MA, 02215",#2f4a48,69.83899,23.3,16,3.17,261,102.96,63.6,199.65,18.96L
4100582,15.79,car,2023-12-17,"694, Atlanta, GA, 30301",#fb7ab1,173.29623,16.0,18,4.98,227,104.12,64.88,260.54,4.82L
4100584,7.76,car,2023-11-07,"182, Boston, MA, 02215",#9c4174,149.366,18.7,23,5.75,273,103.12,79.56,226.07,24.02L
4100585,13.93,car,2023-09-06,"405, Portland, OR, 97035",#b87d80,171.42012,24.4,21,3.92,195,93.5,80.13,292.06,17.47L
4100587,11.39,car,2023-11-26,"967, Los Angeles, CA, 90001",#e9b254,148.65864,21.1,20,1.51,265,97.21,61.0,163.11,29.44L
4100597,8.78,passenger,2023-08-15,"757, Portland, OR, 97035",#849550,94.10535,19.1,16,4.84,249,89.3,63.39,236.73,20.60L
4100600,6.88,passenger,2023-10-12,"951, Atlanta, GA, 30301",#e6c3d1,77.58476,24.7,16,3.94,176,93.08,71.13,267.31,25.65L
4100601,5.67,passenger,2023-12-10,"429, Los Angeles, CA, 90001",#121e0c,118.40317,28.6,24,2.61,245,84.25,85.51,285.89,14.97L
4100604,19.82,car,2023-07-25,"407, Los Angeles, CA, 90001",#ba272e,124.98253,29.1,28,4.26,159,95.51,81.55,186.04,9.23L
4100606,18.66,passenger,2023-10-10,"259, New York City, NY, 10001",#d37267,116.51167,26.3,19,2.54,199,97.65,63.56,165.22,15.79L
4100612,18.30,car,2023-10-16,"449, New York City, NY, 10001",#7837dc,170.79133,19.9,17,5.66,160,96.21,65.38,221.05,3.48L
4100613,19.08,car,2023-12-21,"488, Los Angeles, CA, 90001",#87dbc9,51.8366,27.8,19,3.45,173,83.4,85.2,215.1,26.33L
4100620,4.04,car,2023-08-25,"58, Los Angeles, CA, 90001",#1804dc,72.96423,23.2,18,1.98,247,106.27,76.11,270.22,3.26L
4100621,19.46,passenger,2023-11-13,"73, Atlanta, GA, 30301",#2aaf8a,142.71314,23.0,24,3.94,203,86.16,63.98,243.9,14.30L
4100626,11.70,car,2023-11-04,"700, Seattle, WA, 98101",#ffb60c,53.16265,21.0,23,1.35,278,107.6,87.85,171.89,14.23L
4100627,4.55,passenger,2023-11-20,"192, Los Angeles, CA, 90001",#e056ea,159.57878,20.2,19,4.7,197,94.07,74.99,167.64,27.96L
4100628,6.06,car,2023-10-24,"538, Portland, OR, 97035",#77d751,155.5666,22.7,24,3.83,241,103.71,84.24,278.5,19.44L
4100629,5.90,car,2023-12-02,"143, Boston, MA, 02215",#804f5d,122.03293,26.4,15,5.94,246,94.14,85.82,273.91,17.64L
4100632,3.43,car,2023-07-13,"161, New York City, NY, 10001",#79a42a,153.81967,18.8,26,5.06,219,88.84,61.34,162.22,9.98L
4100148,3.75,car,2023-10-27,"121, Austin, TX, 73301",#422c8b,171.30801,23.6,21,4.45,192,95.97,62.83,184.01,17.87L
4100153,3.57,car,2023-09-23,"468, Dallas, TX, 75001",#9954c2,98.1427,23.3,21,4.92,248,94.79,82.48,175.31,20.84L
4100157,12.88,car,2023-12-09,"66, San Francisco, CA, 94016",#28d153,97.89058,17.9,27,1.95,169,106.79,79.59,164.97,22.67L
4100165,8.43,passenger,2023-08-02,"88, Boston, MA, 02215",#ffedee,74.61629,20.5,15,2.85,173,107.15,69.81,200.51,11.21L
4100166,8.02,car,2023-07-12,"319, Portland, OR, 97035",#3ec075,46.97889,21.3,26,1.43,239,98.4,65.36,249.78,19.91L
4100169,16.42,car,2023-07-20,"621, New York City, NY, 10001",#91a523,83.03632,18.0,16,4.75,228,97.81,82.02,175.09,6.60L
4100175,10.16,passenger,2023-08-23,"644, Los Angeles, CA, 90001",#9d081c,115.76844,18.7,21,4.31,226,103.0,66.14,241.39,6.92L
4100176,3.11,passenger,2023-08-09,"300, Los Angeles, CA, 90001",#e73d03,164.58844,23.7,21,1.8,270,81.17,83.47,255.17,17.65L
4100178,5.82,car,2023-09-13,"907, Dallas, TX, 75001",#299265,50.82536,21.3,19,2.62,182,101.38,68.64,169.66,9.90L
4100179,7.37,passenger,2023-07-21,"140, San Francisco, CA, 94016",#832028,53.24564,18.0,28,5.32,221,85.18,82.72,164.62,15.33L
4100180,17.81,car,2023-07-11,"966, Los Angeles, CA, 90001",#a162b1,52.00735,29.0,20,3.41,195,83.73,73.65,173.72,24.92L
4100181,17.36,passenger,2023-09-16,"725, Dallas, TX, 75001",#fe3d39,108.62363,27.2,19,3.07,202,104.52,61.98,249.43,17.52L
4100184,9.61,car,2023-10-06,"842, Boston, MA, 02215",#93073a,36.47031,19.0,22,3.19,164,105.69,71.83,209.24,21.75L
4100186,14.28,passenger,2023-11-17,"951, Los Angeles, CA, 90001",#ab89b6,140.94042,28.4,17,4.49,154,87.94,70.48,161.53,21.08L
4100191,19.43,passenger,2023-09-03,"75, New York City, NY, 10001",#5f8b2d,172.67986,21.6,16,4.35,154,99.89,64.69,277.93,4.01L
4100192,6.72,passenger,2023-07-02,"471, Los Angeles, CA, 90001",#51efca,161.85134,28.3,22,5.05,173,104.45,66.3,180.04,16.53L
4100194,12.40,car,2023-08-11,"346, Seattle, WA, 98101",#4097ed,107.05103,22.4,22,4.76,208,81.21,77.25,230.02,5.67L
4100197,17.30,passenger,2023-12-11,"965, Austin, TX, 73301",#278284,114.79013,23.7,25,5.95,192,94.17,71.83,275.8,28.17L
4100199,15.15,passenger,2023-07-15,"143, Atlanta, GA, 30301",#3de8fd,46.66521,27.7,28,2.83,158,93.33,66.57,217.42,9.17L
4100200,17.44,passenger,2023-10-04,"680, San Francisco, CA, 94016",#14f7de,132.42684,23.0,22,3.93,181,87.4,88.29,171.21,10.54L
4100206,11.08,passenger,2023-09-17,"25, Los Angeles, CA, 90001",#3694b2,172.1196,23.5,19,4.05,151,96.18,73.5,224.41,9.95L
4100207,4.94,car,2023-07-28,"85, Portland, OR, 97035",#853f5a,79.25824,17.1,27,3.76,178,106.69,88.8,179.53,3.59L
4100209,14.60,passenger,2023-08-17,"249, Los Angeles, CA, 90001",#21158f,42.50655,25.0,22,2.91,173,81.44,83.48,180.38,16.45L
4100213,7.42,passenger,2023-09-12,"217, Portland, OR, 97035",#977c89,61.79922,20.8,28,5.84,174,98.48,75.94,255.11,17.01L
4100219,3.27,passenger,2023-12-13,"319, Los Angeles, CA, 90001",#a7c7c8,145.66661,21.1,17,1.93,275,91.67,86.82,232.18,6.04L
4100224,19.16,car,2023-08-13,"550, Dallas, TX, 75001",#bab077,45.50716,20.9,22,3.13,246,93.9,85.39,279.01,23.23L
4100227,4.94,car,2023-09-14,"706, New York City, NY, 10001",#146448,106.11025,21.9,23,2.43,247,86.79,63.3,206.72,22.89L
4100228,4.44,passenger,2023-09-02,"693, Dallas, TX, 75001",#7eceb7,34.83158,21.6,22,5.41,198,104.28,65.73,208.72,23.14L
4100229,4.76,passenger,2023-12-25,"240, Atlanta, GA, 30301",#a295a4,65.67031,23.6,20,1.92,159,86.18,89.42,205.97,20.31L
4100230,14.11,car,2023-11-21,"377, New York City, NY, 10001",#a6725f,51.97529,24.8,16,5.59,263,96.71,80.83,232.57,18.45L
4100235,9.04,passenger,2023-09-20,"755, Seattle, WA, 98101",#8ec9be,102.59544,27.7,19,5.31,263,84.83,75.8,208.75,26.05L
4100236,18.57,passenger,2023-11-08,"669, Austin, TX, 73301",#8942fd,141.05789,19.3,15,2.0,218,82.9,73.65,279.06,13.93L
4100237,15.98,passenger,2023-11-27,"201, Los Angeles, CA, 90001",#1a5afd,163.20689,22.4,21,2.01,162,89.48,62.89,267.21,19.41L
4100241,14.52,passenger,2023-11-11,"129, San Francisco, CA, 94016",#75d756,129.85681,23.9,20,4.43,191,93.13,81.83,218.83,28.23L
4100243,12.89,car,2023-12-08,"328, Atlanta, GA, 30301",#cc84e0,104.37343,29.2,18,4.99,218,103.2,76.51,265.51,13.75L
4100246,13.02,passenger,2023-12-01,"385, Boston, MA, 02215",#a5c430,152.28335,29.9,26,1.83,266,83.72,71.83,224.71,18.59L
4100247,8.97,passenger,2023-07-10,"479, Los Angeles, CA, 90001",#e3fe1e,136.99436,17.4,15,5.59,163,109.06,68.31,225.36,10.68L
4100248,9.21,passenger,2023-10-01,"846, New York City, NY, 10001",#0d2214,143.87875,16.3,27,4.99,167,92.79,71.75,168.62,18.52L
4100251,6.11,car,2023-09-06,"442, Seattle, WA, 98101",#a6bb16,158.14349,25.8,23,1.96,167,91.14,74.82,200.9,6.67L
4100260,9.13,passenger,2023-10-22,"233, Boston, MA, 02215",#764b82,70.98292,22.6,27,1.19,218,103.93,83.48,251.73,19.59L
4100261,8.73,passenger,2023-10-28,"955, San Francisco, CA, 94016",#d6ce76,144.82878,19.9,20,2.1,279,87.35,66.61,297.93,4.48L
4100262,17.50,car,2023-08-17,"213, Austin, TX, 73301",#49747d,71.95746,16.1,26,2.8,254,86.98,88.15,249.57,5.59L
4100265,11.72,car,2023-10-01,"481, Atlanta, GA, 30301",#334bf6,112.32562,23.6,23,4.12,253,97.91,75.84,184.96,11.10L
4100266,13.81,car,2023-09-01,"450, San Francisco, CA, 94016",#2c34f8,64.10483,24.6,20,2.35,156,85.27,87.52,252.33,28.22L
4100268,4.57,passenger,2023-09-09,"743, Dallas, TX, 75001",#e7c86d,79.69234,16.0,27,4.12,152,89.53,62.76,170.62,24.80L
4100273,19.35,passenger,2023-08-23,"301, Atlanta, GA, 30301",#5c83e5,110.39628,19.7,16,5.46,242,94.5,71.68,201.17,23.99L
4100275,10.87,passenger,2023-11-02,"774, Portland, OR, 97035",#2cd555,133.89628,18.5,15,5.19,259,89.81,70.9,215.01,6.38L
4100278,8.51,passenger,2023-09-11,"687, Atlanta, GA, 30301",#c18350,154.61501,27.5,23,4.73,278,91.83,79.79,186.51,15.66L
4100281,19.53,car,2023-11-13,"739, Los Angeles, CA, 90001",#2117c1,150.13648,29.4,27,2.7,251,83.12,70.63,209.74,21.39L
4100282,10.73,passenger,2023-09-15,"903, San Francisco, CA, 94016",#3ef682,89.3982,25.1,27,5.32,174,100.52,81.64,193.71,24.94L
4100283,11.53,passenger,2023-07-21,"410, Los Angeles, CA, 90001",#5541b0,66.36732,21.7,26,5.98,230,92.23,74.84,174.31,14.17L
4100286,17.84,car,2023-11-20,"758, Seattle, WA, 98101",#96d923,171.51939,16.4,27,3.29,274,93.53,84.24,173.28,22.11L
4100288,11.38,car,2023-12-08,"478, Atlanta, GA, 30301",#7eaa03,54.28644,17.6,22,2.0,225,107.78,61.67,221.18,12.29L
4100289,6.35,passenger,2023-08-05,"50, Dallas, TX, 75001",#26b4b4,152.98204,27.8,28,5.05,255,94.62,67.93,185.87,28.11L
4100291,8.16,car,2023-07-03,"247, New York City, NY, 10001",#823f13,44.50724,27.6,16,2.86,264,101.35,84.01,190.58,6.08L
4100293,19.42,passenger,2023-09-22,"622, New York City, NY, 10001",#58df22,167.41129,19.7,16,4.06,240,84.19,86.62,193.62,3.62L
4100295,12.28,car,2023-11-14,"516, Atlanta, GA, 30301",#ae8645,179.25468,18.6,21,2.32,252,96.85,76.02,279.5,12.65L
4100299,12.69,car,2023-12-15,"267, Austin, TX, 73301",#3d27d9,152.72035,18.2,21,1.82,231,81.15,76.5,291.54,15.29L
4100304,16.20,passenger,2023-10-08,"704, Boston, MA, 02215",#0dece5,92.2396,20.5,24,5.92,255,81.94,76.87,185.06,3.16L
4100310,9.69,car,2023-12-14,"133, San Francisco, CA, 94016",#6e8455,179.82113,16.8,18,5.1,171,82.63,62.32,190.55,15.05L
4100313,7.66,car,2023-09-20,"112, San Francisco, CA, 94016",#9c6576,30.79411,25.6,26,5.28,238,93.75,71.87,270.09,3.86L
4100316,13.50,car,2023-11-20,"802, Los Angeles, CA, 90001",#0ca5eb,174.63693,27.7,24,5.22,189,101.54,65.27,235.05,14.20L
4100318,15.54,car,2023-09-18,"939, Portland, ME, 04101",#6a2b30,115.17816,20.1,25,5.05,185,90.98,86.34,204.03,28.28L
4100322,3.12,car,2023-08-09,"553, New York City, NY, 10001",#eea213,87.37868,16.5,16,1.44,198,109.16,85.74,177.47,8.95L
4100324,9.84,passenger,2023-10-27,"102, Boston, MA, 02215",#007aaa,39.50301,21.6,16,1.29,166,85.72,88.15,273.11,20.74L
4100325,15.38,car,2023-11-04,"462, Austin, TX, 73301",#189494,139.67198,23.7,20,1.09,209,98.51,62.64,252.6,4.03L
4100326,11.75,car,2023-07-02,"527, Austin, TX, 73301",#e52f53,130.17574,21.1,24,1.18,174,91.66,73.33,297.33,14.36L
4100332,6.88,passenger,2023-10-06,"990, San Francisco, CA, 94016",#b647d8,152.29232,16.4,20,4.89,175,90.6,82.24,279.18,21.11L
4100333,11.22,passenger,2023-10-28,"853, New York City, NY, 10001",#f36db9,73.16013,24.2,17,4.69,210,109.15,62.11,204.94,23.36L
4100336,12.25,car,2023-08-07,"650, Los Angeles, CA, 90001",#3f3af7,74.34329,25.8,25,2.42,252,108.55,71.91,170.78,24.21L
4100338,16.58,car,2023-12-12,"220, Los Angeles, CA, 90001",#60d774,162.54886,29.9,25,2.67,189,84.7,61.28,266.75,15.10L
4100342,10.83,passenger,2023-11-07,"460, Los Angeles, CA, 90001",#2282c4,155.48763,24.3,21,3.76,155,105.88,61.83,298.4,26.60L
4100345,6.50,car,2023-07-24,"137, Los Angeles, CA, 90001",#bddc4b,94.79145,17.4,25,4.91,247,107.79,85.32,231.13,26.02L
4100348,9.22,passenger,2023-10-22,"316, Los Angeles, CA, 90001",#87e294,174.68313,26.6,25,4.41,162,95.2,88.27,278.27,21.53L
4100352,13.24,car,2023-08-10,"557, Atlanta, GA, 30301",#4cf4d6,81.08775,17.5,24,3.4,201,108.51,64.46,168.22,8.08L
4100353,15.31,passenger,2023-08-19,"10, Dallas, TX, 75001",#970269,127.41611,17.1,26,2.08,228,85.92,68.12,256.7,22.91L
4100358,14.37,car,2023-07-27,"178, San Francisco, CA, 94016",#5889c1,67.36228,25.3,27,4.36,253,80.02,77.92,215.36,13.70L
4100364,7.46,passenger,2023-11-28,"756, San Francisco, CA, 94016",#ddf9b3,108.07458,17.8,24,5.12,203,104.3,83.45,290.65,22.91L
4100366,19.19,passenger,2023-11-07,"686, San Francisco, CA, 94016",#3a7836,54.76666,24.8,27,1.71,164,82.57,72.12,289.76,19.97L
4100368,8.93,passenger,2023-12-11,"879, Portland, ME, 04101",#c5613a,121.22081,20.7,24,2.78,205,86.42,63.42,183.0,7.39L
4100372,15.06,passenger,2023-11-13,"190, New York City, NY, 10001",#8f4777,184.31675,23.3,15,5.96,187,93.09,63.69,261.07,18.48L
4100373,10.62,passenger,2023-12-28,"331, Atlanta, GA, 30301",#540175,82.17258,25.9,26,5.05,252,82.46,75.6,264.76,3.49L
4100374,18.84,passenger,2023-07-01,"444, Boston, MA, 02215",#1d3caa,156.37478,28.3,23,2.53,237,103.41,62.15,297.63,14.01L
4100378,18.32,car,2023-12-03,"434, Boston, MA, 02215",#5140b1,50.83931,21.1,17,1.83,162,93.8,88.67,163.61,14.43L
4100379,6.28,car,2023-11-14,"474, San Francisco, CA, 94016",#f663d2,137.80746,16.3,28,1.37,258,81.2,67.36,220.1,16.82L
4100380,9.43,passenger,2023-09-10,"59, Boston, MA, 02215",#deccdc,179.45701,29.3,19,5.68,211,81.97,76.29,292.54,12.31L
4100382,3.70,passenger,2023-10-03,"95, Los Angeles, CA, 90001",#736e8d,88.63579,27.5,23,5.79,184,87.96,71.08,199.38,25.92L
4100383,14.99,car,2023-08-26,"818, San Francisco, CA, 94016",#5afab8,98.27316,18.3,23,4.31,275,82.33,84.61,292.96,17.54L
4100385,13.71,passenger,2023-08-02,"833, San Francisco, CA, 94016",#36c41b,70.25976,17.6,16,2.39,189,101.86,79.53,175.98,19.75L
4100390,17.37,passenger,2023-07-17,"607, Los Angeles, CA, 90001",#691dce,68.08782,29.3,27,2.73,222,80.64,63.04,237.86,5.62L
4100394,7.84,car,2023-10-23,"930, Los Angeles, CA, 90001",#6899d3,189.96128,24.5,15,4.7,157,96.68,76.63,290.29,23.13L
4100395,14.61,passenger,2023-08-02,"232, Portland, OR, 97035",#e1fc93,130.01137,18.9,15,2.41,268,97.12,65.33,247.25,18.73L
4100397,12.84,car,2023-09-10,"859, Portland, OR, 97035",#393b7d,59.44902,21.3,28,5.88,227,87.71,83.09,181.39,20.13L
4100401,15.22,car,2023-08-13,"477, San Francisco, CA, 94016",#5bbed9,128.92061,21.5,17,4.76,253,88.65,88.66,292.81,9.94L
4100404,19.43,passenger,2023-08-21,"671, Boston, MA, 02215",#8254d3,66.13062,29.2,18,4.86,219,82.51,85.74,201.02,3.67L
4100406,4.92,car,2023-07-16,"91, San Francisco, CA, 94016",#4210cc,146.32651,26.0,18,2.38,172,93.81,79.28,270.76,17.99L
4100407,16.77,passenger,2023-11-05,"304, Boston, MA, 02215",#28f1a3,44.92537,19.8,22,4.92,217,80.39,72.67,183.59,15.96L
4100408,8.60,car,2023-07-20,"925, Los Angeles, CA, 90001",#daabdc,166.41827,24.4,28,3.7,205,92.93,61.9,283.9,6.68L
4100409,17.10,passenger,2023-12-12,"499, Boston, MA, 02215",#0cb28f,170.97137,18.8,21,1.97,268,84.65,83.36,166.47,18.25L
4100416,3.96,car,2023-09-27,"881, New York City, NY, 10001",#e6c6aa,155.91113,21.0,19,1.34,221,106.51,81.47,268.48,24.64L
4100420,9.14,passenger,2023-12-02,"696, Dallas, TX, 75001",#0ef83e,168.51438,28.3,15,2.47,176,87.89,69.27,292.85,18.74L
4100421,12.10,car,2023-11-12,"789, Dallas, TX, 75001",#c60f89,156.20248,16.3,27,2.94,151,104.97,69.28,256.43,18.09L
4100426,8.26,car,2023-07-10,"604, New York City, NY, 10001",#ade158,189.07399,24.2,21,2.34,272,100.07,84.08,164.18,7.68L
4100431,9.47,passenger,2023-10-02,"367, Boston, MA, 02215",#25a5e3,162.75066,29.8,20,1.6,265,109.86,85.0,253.98,24.50L
4100432,16.62,passenger,2023-07-03,"761, Los Angeles, CA, 90001",#ff7d51,159.55648,25.2,17,5.9,236,87.94,78.08,282.92,17.45L
4100436,19.96,car,2023-08-27,"353, Portland, OR, 97035",#fd2a7e,157.8473,16.2,26,3.15,183,93.87,72.13,235.71,21.14L
4100438,14.12,car,2023-09-01,"104, Seattle, WA, 98101",#ecdb3a,64.922,28.9,25,1.58,188,94.52,89.11,244.22,8.21L
4100439,14.14,car,2023-08-18,"452, San Francisco, CA, 94016",#96feb1,97.14285,25.4,28,4.49,255,102.65,74.9,200.08,17.10L
4100442,17.74,car,2023-09-03,"580, San Francisco, CA, 94016",#8df0db,88.37747,18.8,28,4.72,161,83.56,68.42,206.43,6.33L
4100446,9.96,car,2023-10-11,"63, New York City, NY, 10001",#77475b,169.30011,26.3,21,5.82,154,81.36,68.1,174.52,29.31L
4100448,6.93,car,2023-10-05,"777, Portland, OR, 97035",#127ef8,32.65561,19.4,20,4.61,233,87.4,60.7,247.53,23.65L
4100455,13.45,car,2023-07-16,"150, Los Angeles, CA, 90001",#56155a,41.53675,17.1,15,2.6,236,108.88,87.71,227.33,4.94L
4100456,9.13,passenger,2023-12-11,"646, New York City, NY, 10001",#09db6f,143.44292,18.6,26,2.75,225,103.21,63.76,234.65,29.41L
4100457,19.21,passenger,2023-12-06,"834, Boston, MA, 02215",#1c82ee,114.66179,16.3,21,4.75,243,107.42,60.96,218.45,14.06L
4100460,17.11,passenger,2023-10-03,"646, Atlanta, GA, 30301",#e9c4ac,180.5355,27.7,25,1.33,212,82.63,70.11,185.93,17.62L
4100469,6.48,car,2023-11-06,"381, Dallas, TX, 75001",#3991e9,70.11619,28.5,25,3.83,258,100.63,84.67,176.54,13.41L
4100472,4.74,passenger,2023-12-06,"478, Dallas, TX, 75001",#2ab226,62.62822,17.0,23,4.53,212,93.69,77.15,205.56,23.07L
4100473,9.20,car,2023-08-21,"143, Austin, TX, 73301",#87048e,121.92446,18.8,19,4.86,211,95.27,77.18,162.07,25.23L
4100475,7.36,car,2023-10-17,"978, New York City, NY, 10001",#028d54,185.66078,17.1,21,1.14,234,108.64,63.44,298.44,18.98L
4100478,3.08,passenger,2023-09-13,"743, San Francisco, CA, 94016",#26abb0,180.93582,21.1,15,1.55,234,90.56,64.87,232.58,15.98L
4100485,10.80,passenger,2023-10-16,"525, San Francisco, CA, 94016",#36da99,160.64698,27.2,20,4.18,165,105.22,63.68,236.75,7.27L
4100487,14.90,passenger,2023-12-27,"761, San Francisco, CA, 94016",#2dbe73,83.12593,20.1,20,2.3,194,106.7,69.59,262.24,24.64L
4100488,9.56,passenger,2023-10-19,"722, Austin, TX, 73301",#970495,174.94934,25.3,18,4.56,267,109.34,61.67,163.27,17.56L
4100489,3.84,car,2023-07-28,"952, San Francisco, CA, 94016",#e7c317,72.78486,25.4,21,4.43,212,85.46,75.54,290.83,29.72L
4100490,3.80,car,2023-10-19,"991, Seattle, WA, 98101",#c227f6,182.44372,25.8,26,1.28,274,94.54,87.56,284.19,16.83L
4100491,13.05,passenger,2023-11-05,"132, Dallas, TX, 75001",#cd5d36,127.2658,23.0,20,5.47,222,107.09,74.78,252.22,10.00L
4100492,3.19,car,2023-07-28,"766, New York City, NY, 10001",#c496cf,111.94889,24.1,21,1.76,216,96.93,87.9,221.85,10.44L
4100494,14.24,passenger,2023-09-21,"574, Boston, MA, 02215",#2f8923,141.72009,26.8,24,3.49,279,94.19,78.46,231.71,10.15L
4100495,12.63,car,2023-12-28,"614, Portland, OR, 97035",#ee4828,114.30398,23.4,27,5.24,224,86.63,89.11,248.88,10.44L
4100496,5.52,car,2023-08-25,"542, Portland, OR, 97035",#a98482,135.45412,25.0,26,2.66,218,108.13,80.26,205.85,27.85L
4100497,3.31,passenger,2023-07-06,"388, San Francisco, CA, 94016",#fbcfd2,182.66462,17.3,27,3.14,255,85.32,72.86,279.52,25.73L
4100498,4.44,passenger,2023-12-12,"196, Seattle, WA, 98101",#b18653,119.55591,23.7,28,3.09,170,83.22,79.72,254.35,8.62L
4100506,14.85,car,2023-09-16,"868, Austin, TX, 73301",#969489,50.10539,29.0,22,5.02,200,85.01,66.25,208.49,19.35L
4100508,13.46,passenger,2023-12-26,"899, Los Angeles, CA, 90001",#aa19b9,70.48776,19.8,25,1.25,255,107.56,61.99,203.22,9.11L
4100514,11.61,passenger,2023-09-02,"859, San Francisco, CA, 94016",#1e087f,45.31162,15.3,21,4.35,229,95.26,80.06,232.03,18.70L
4100517,13.78,passenger,2023-07-20,"963, Seattle, WA, 98101",#e69303,154.8583,21.2,25,3.43,246,98.64,74.32,245.82,20.24L
4100518,6.45,passenger,2023-11-18,"314, San Francisco, CA, 94016",#0be755,150.75585,25.8,28,2.86,209,90.36,61.64,264.47,22.93L
4100523,9.53,car,2023-10-09,"877, San Francisco, CA, 94016",#f5f495,132.41061,16.7,26,1.26,163,90.5,83.61,293.68,11.29L
4100528,14.15,car,2023-07-06,"697, Seattle, WA, 98101",#d9b9e0,167.58116,20.4,27,2.45,243,81.7,89.67,197.96,14.82L
4100531,3.85,car,2023-08-09,"48, Atlanta, GA, 30301",#1992a5,61.56722,26.0,28,3.16,218,95.11,81.83,228.33,18.70L
4100536,18.24,car,2023-09-09,"355, Dallas, TX, 75001",#53a4bd,101.22719,22.3,21,2.5,193,101.29,73.31,289.38,26.82L
4100537,17.07,car,2023-11-23,"760, San Francisco, CA, 94016",#da11f2,33.28085,15.5,20,3.81,249,100.96,68.45,207.94,9.47L
4100539,12.36,passenger,2023-09-09,"977, New York City, NY, 10001",#cd30f8,78.13234,24.3,16,4.0,222,94.98,74.99,197.22,10.76L
4100547,15.57,passenger,2023-08-15,"912, Austin, TX, 73301",#4cfc5c,188.80807,26.5,24,4.48,159,80.68,78.78,252.24,12.23L
4100550,11.71,passenger,2023-10-15,"496, San Francisco, CA, 94016",#a61f92,55.67061,27.7,17,3.14,229,87.21,72.26,292.27,29.28L
4100554,4.46,passenger,2023-09-27,"694, Dallas, TX, 75001",#e08546,104.05184,27.7,26,3.8,216,104.03,81.29,258.05,14.26L
4100555,7.95,car,2023-07-03,"465, Seattle, WA, 98101",#df5a49,90.63742,18.9,24,2.89,213,86.31,73.7,229.31,19.70L
4100557,13.91,car,2023-08-25,"393, Los Angeles, CA, 90001",#1802e9,125.83974,21.2,22,1.63,176,94.11,67.95,196.34,25.89L
4100560,4.51,passenger,2023-07-17,"90, San Francisco, CA, 94016",#c8ef0d,109.26501,28.9,23,4.27,218,98.87,80.39,209.25,21.11L
4100562,19.79,car,2023-09-21,"635, Seattle, WA, 98101",#f3d795,34.53961,18.0,16,2.4,227,104.61,76.05,222.8,5.92L
4100564,15.58,car,2023-08-09,"771, San Francisco, CA, 94016",#53ca92,32.18988,23.0,20,3.48,249,88.03,80.98,209.33,5.40L
4100565,4.42,passenger,2023-11-13,"955, Portland, OR, 97035",#e518da,125.1819,26.2,15,3.85,157,91.91,85.96,210.94,23.39L
4100567,9.16,car,2023-07-27,"593, San Francisco, CA, 94016",#6b166f,58.72652,22.6,19,5.31,173,80.91,80.13,263.01,6.88L
4100570,12.45,passenger,2023-11-26,"398, Portland, OR, 97035",#e53aba,117.58906,29.8,21,3.76,255,102.72,80.08,228.91,4.96L
4100572,14.08,passenger,2023-11-05,"292, Portland, OR, 97035",#a9aac9,161.81676,26.7,16,3.27,181,104.34,77.47,275.76,11.71L
4100577,19.45,passenger,2023-12-03,"597, Seattle, WA, 98101",#566dcd,78.41257,15.1,19,5.13,236,93.99,78.3,174.3,15.47L
4100581,7.99,car,2023-08-15,"439, Seattle, WA, 98101",#f7b618,60.14615,23.0,24,3.4,270,80.32,70.94,170.71,14.79L
4100583,12.78,car,2023-12-08,"499, Seattle, WA, 98101",#f61b1d,124.95348,29.9,21,1.5,207,101.68,84.28,256.71,11.51L
4100587,10.73,car,2023-11-20,"754, Atlanta, GA, 30301",#6a4898,97.49486,15.2,21,1.49,191,82.44,82.58,210.11,13.34L
4100592,17.17,passenger,2023-07-07,"993, San Francisco, CA, 94016",#7342a2,59.24128,23.9,22,5.76,219,102.14,85.94,194.42,4.20L
4100594,16.82,car,2023-08-22,"856, Portland, OR, 97035",#028c34,81.29641,22.9,20,4.2,231,108.23,67.87,228.1,18.88L
4100596,14.57,passenger,2023-07-02,"457, Los Angeles, CA, 90001",#b9f74c,156.94136,18.8,15,2.03,270,100.42,69.91,289.76,26.43L
4100599,18.41,passenger,2023-10-10,"779, Austin, TX, 73301",#7b00ee,132.41163,22.5,24,2.19,150,80.41,73.76,274.59,18.99L
4100600,13.15,passenger,2023-08-11,"705, San Francisco, CA, 94016",#70cba0,72.28094,15.2,20,4.36,210,90.08,61.39,268.13,3.58L
4100608,10.87,passenger,2023-08-16,"134, Los Angeles, CA, 90001",#a63e1d,94.29072,23.2,16,1.5,169,81.11,77.65,276.11,20.83L
4100609,7.41,car,2023-08-21,"747, Los Angeles, CA, 90001",#1f91bc,86.66891,18.5,19,1.74,187,105.52,83.89,274.61,10.14L
4100618,10.66,car,2023-11-07,"163, Atlanta, GA, 30301",#af29bb,81.88298,16.6,22,4.61,268,86.4,80.25,214.1,10.93L
4100620,9.30,car,2023-07-28,"467, New York City, NY, 10001",#517b88,140.04528,29.0,16,5.01,187,103.12,86.38,289.49,20.48L
4100621,3.28,passenger,2023-09-28,"510, Seattle, WA, 98101",#d75f95,148.4975,26.0,23,1.14,272,107.82,81.31,266.64,12.44L
4100625,13.13,passenger,2023-08-19,"527, Austin, TX, 73301",#91a70a,91.37798,23.9,16,4.43,203,109.26,81.25,283.49,28.66L
4100134,8.34,car,2023-12-26,"292, New York City, NY, 10001",#aad31e,178.62929,17.9,22,2.44,242,104.66,85.85,236.69,17.33L
4100135,12.40,passenger,2023-11-04,"142, San Francisco, CA, 94016",#7beec8,136.23422,20.6,18,2.67,274,106.78,89.85,268.97,19.12L
4100136,6.63,passenger,2023-10-18,"509, Seattle, WA, 98101",#606b8e,127.3872,18.7,22,3.48,160,84.47,62.8,291.66,27.60L
4100141,6.37,car,2023-11-28,"869, Dallas, TX, 75001",#6854cc,137.15945,21.1,22,5.12,255,107.86,82.82,229.25,9.82L
4100142,13.19,passenger,2023-10-13,"511, Dallas, TX, 75001",#9a145b,127.6518,20.0,25,2.14,154,84.04,63.83,226.23,3.69L
4100144,3.23,passenger,2023-10-10,"943, San Francisco, CA, 94016",#da5ea8,77.51229,22.5,15,2.77,199,101.0,79.09,208.27,21.06L
4100149,9.27,passenger,2023-09-04,"941, Atlanta, GA, 30301",#8b8626,150.30012,27.1,25,4.65,275,100.75,88.6,268.12,25.78L
4100150,9.45,car,2023-10-04,"793, New York City, NY, 10001",#9c86b2,161.49565,22.2,21,2.57,159,99.96,80.47,196.72,4.65L
4100153,13.64,car,2023-12-02,"413, Atlanta, GA, 30301",#43cdbe,75.68967,17.7,26,1.29,206,103.08,68.4,271.75,26.09L
4100156,9.31,passenger,2023-12-27,"938, Los Angeles, CA, 90001",#cd9232,99.37081,25.8,16,5.06,158,100.28,81.96,278.9,9.30L
4100162,15.30,passenger,2023-11-05,"955, Atlanta, GA, 30301",#5e38a6,118.05264,18.0,27,4.66,256,105.02,61.56,174.98,29.25L
4100165,11.37,passenger,2023-10-03,"23, Portland, OR, 97035",#5ff974,166.99479,20.7,17,3.31,261,109.63,80.16,283.32,23.54L
4100167,5.94,car,2023-12-22,"400, Atlanta, GA, 30301",#248c75,117.57603,21.2,24,1.59,172,85.58,76.52,233.23,22.01L
4100170,8.87,passenger,2023-09-03,"908, Portland, OR, 97035",#4e4c70,103.01633,22.7,23,1.41,243,95.99,85.53,215.45,4.00L
4100171,8.63,car,2023-11-17,"166, San Francisco, CA, 94016",#a0aa9d,176.59698,25.4,16,2.93,224,85.63,65.73,176.39,23.42L
4100176,10.37,passenger,2023-10-16,"934, Los Angeles, CA, 90001",#62448a,35.81965,18.2,15,1.76,244,93.96,89.14,222.86,29.79L
4100177,12.88,car,2023-10-02,"742, Los Angeles, CA, 90001",#cba604,63.3996,20.9,20,2.09,211,99.25,86.25,276.46,15.16L
4100179,5.65,car,2023-10-28,"491, Los Angeles, CA, 90001",#6ee5e7,164.47161,23.1,20,4.07,243,102.21,65.69,240.2,8.14L
4100180,11.11,car,2023-09-27,"369, Los Angeles, CA, 90001",#9eed1c,185.95982,26.9,27,4.75,192,106.17,82.97,222.06,5.47L
4100183,15.67,car,2023-11-07,"849, Atlanta, GA, 30301",#7a37be,167.48721,23.8,20,2.15,223,105.76,62.09,212.08,6.96L
4100187,9.59,car,2023-11-11,"262, Dallas, TX, 75001",#a4592f,49.49141,21.5,26,2.94,258,87.47,89.12,229.02,8.93L
4100189,7.36,passenger,2023-12-22,"102, Atlanta, GA, 30301",#81c69d,71.67931,26.0,21,3.88,243,105.29,79.42,183.76,28.75L
4100201,7.37,passenger,2023-09-28,"266, New York City, NY, 10001",#82d120,187.37121,25.9,20,5.0,205,108.6,86.47,176.85,16.32L
4100202,19.60,passenger,2023-10-17,"455, Atlanta, GA, 30301",#512025,104.25365,25.1,21,2.27,241,96.04,63.48,247.64,16.50L
4100203,10.10,passenger,2023-08-22,"301, New York City, NY, 10001",#32c0c1,145.07385,29.3,15,5.66,153,97.32,67.32,220.85,22.14L
4100204,4.07,car,2023-12-19,"218, San Francisco, CA, 94016",#1327a4,168.11319,17.2,18,3.5,201,99.46,69.54,215.26,24.15L
4100205,11.09,car,2023-11-09,"993, Atlanta, GA, 30301",#973869,101.93784,16.7,23,4.25,172,106.47,71.91,214.26,9.86L
4100207,13.95,car,2023-09-11,"929, Los Angeles, CA, 90001",#823395,159.72249,20.7,22,3.22,184,80.36,64.25,272.18,20.89L
4100212,12.44,passenger,2023-10-09,"142, San Francisco, CA, 94016",#d8d5d1,115.0289,28.6,19,1.64,214,105.7,87.32,179.22,14.00L
4100222,8.33,passenger,2023-09-27,"575, New York City, NY, 10001",#c0336e,132.92483,23.3,18,4.88,210,91.85,74.42,239.35,27.04L
4100224,12.09,car,2023-08-26,"867, Portland, OR, 97035",#9a31b5,147.76941,22.4,19,4.64,236,102.2,72.24,221.11,28.71L
4100228,14.04,passenger,2023-11-04,"319, San Francisco, CA, 94016",#aef197,114.91241,26.7,19,4.15,222,105.06,71.5,162.91,11.02L
4100229,16.64,passenger,2023-11-17,"520, New York City, NY, 10001",#77e396,65.13478,27.4,26,3.69,237,83.63,66.92,235.15,9.47L
4100236,16.33,car,2023-08-23,"310, Los Angeles, CA, 90001",#6c11ce,103.87932,20.3,17,5.87,164,84.87,87.99,299.31,27.29L
4100243,14.17,car,2023-08-21,"867, New York City, NY, 10001",#e23796,166.71951,27.1,18,1.71,199,82.41,61.94,255.81,6.89L
4100245,18.34,passenger,2023-10-25,"498, Los Angeles, CA, 90001",#496746,33.34765,22.4,23,4.55,249,103.04,74.31,236.47,13.09L
4100246,11.89,car,2023-12-10,"83, Seattle, WA, 98101",#e53e04,61.81391,15.4,21,4.74,276,88.73,60.63,271.02,16.41L
4100249,14.95,passenger,2023-08-22,"415, Los Angeles, CA, 90001",#b963ac,68.17394,23.3,17,4.11,241,101.56,74.69,198.81,18.52L
4100250,12.96,passenger,2023-12-06,"290, New York City, NY, 10001",#d1c393,87.85319,19.2,25,4.15,168,87.62,70.51,252.7,17.33L
4100251,17.98,car,2023-11-07,"337, Dallas, TX, 75001",#3232a7,63.44352,19.5,20,4.67,204,90.56,77.84,286.95,23.52L
4100253,8.57,passenger,2023-12-11,"978, Los Angeles, CA, 90001",#e5300b,134.29092,19.6,27,5.16,192,96.46,85.84,164.26,9.87L
4100258,14.44,car,2023-08-01,"385, Los Angeles, CA, 90001",#cdc72a,123.70594,23.6,21,1.38,241,97.57,88.8,201.27,16.68L
4100259,10.84,passenger,2023-09-04,"521, San Francisco, CA, 94016",#840df2,185.98031,15.5,25,5.31,189,81.93,62.27,294.03,21.95L
4100261,16.35,car,2023-11-17,"372, San Francisco, CA, 94016",#c55388,39.15222,25.1,16,1.92,226,92.32,75.45,298.51,27.67L
4100262,12.26,passenger,2023-08-15,"152, Boston, MA, 02215",#5a5ac8,137.15362,24.9,17,1.44,172,99.43,81.49,165.32,9.74L
4100265,16.32,car,2023-09-08,"933, Dallas, TX, 75001",#17d727,98.84678,27.9,22,5.01,257,103.15,61.88,162.9,19.33L
4100266,15.87,passenger,2023-09-07,"40, San Francisco, CA, 94016",#75098c,56.5049,27.9,21,3.52,225,88.78,60.31,246.88,6.77L
4100267,14.69,passenger,2023-09-17,"723, Atlanta, GA, 30301",#8a084b,135.80996,28.3,21,4.08,171,109.07,87.68,204.39,15.20L
4100269,3.85,passenger,2023-11-18,"660, San Francisco, CA, 94016",#054c03,55.30592,24.3,17,3.5,160,100.84,87.31,250.46,7.27L
4100276,5.24,car,2023-09-18,"859, San Francisco, CA, 94016",#c1a6d4,47.61788,15.4,27,3.29,157,100.59,76.36,283.46,17.25L
4100277,13.38,passenger,2023-10-20,"589, Portland, ME, 04101",#9c8757,130.26546,23.3,28,1.21,252,101.04,73.11,293.38,4.15L
4100280,17.08,car,2023-12-06,"869, Los Angeles, CA, 90001",#bbb6ff,133.81545,26.1,26,4.43,197,102.07,68.38,258.22,11.05L
4100286,19.05,passenger,2023-11-03,"980, Los Angeles, CA, 90001",#f016f2,40.48924,24.0,18,4.78,205,100.85,62.32,289.66,19.74L
4100288,19.32,car,2023-12-16,"197, New York City, NY, 10001",#e02b9d,73.65646,19.2,21,2.28,205,107.08,75.88,166.29,28.06L
4100289,5.93,passenger,2023-11-22,"599, Boston, MA, 02215",#1cb67e,119.73541,19.0,23,1.91,171,101.84,74.05,262.46,27.90L
4100290,4.14,passenger,2023-12-01,"596, New York City, NY, 10001",#388e3d,122.82377,20.4,21,2.01,190,88.47,80.94,276.54,29.32L
4100292,9.80,passenger,2023-11-14,"578, Los Angeles, CA, 90001",#4537f6,50.52325,23.3,26,3.49,153,102.83,86.78,163.99,10.37L
4100296,16.03,car,2023-12-19,"235, Atlanta, GA, 30301",#10a320,161.4243,25.1,19,1.1,157,93.41,80.25,178.35,11.29L
4100303,11.63,passenger,2023-12-10,"351, Portland, ME, 04101",#0c189d,76.2179,22.5,18,2.64,176,93.05,78.89,267.22,12.66L
4100304,4.90,car,2023-11-09,"408, San Francisco, CA, 94016",#4c72f3,39.83551,22.8,24,5.87,192,94.04,69.17,185.93,13.85L
4100308,13.00,passenger,2023-08-17,"631, Boston, MA, 02215",#5bc85e,40.38783,15.8,17,1.74,279,107.98,68.12,277.5,3.80L
4100310,13.52,passenger,2023-09-06,"746, Austin, TX, 73301",#bc2162,131.47144,19.1,22,4.52,275,100.95,87.66,177.88,17.75L
4100320,14.56,passenger,2023-10-15,"968, New York City, NY, 10001",#7b16ed,35.27214,23.8,17,1.96,168,99.15,77.82,276.57,24.91L
4100324,12.83,car,2023-09-24,"27, New York City, NY, 10001",#c36e8b,165.42555,19.9,21,3.78,197,101.75,75.21,219.79,3.40L
4100325,14.94,car,2023-09-17,"21, Boston, MA, 02215",#f05798,186.91323,20.4,20,5.11,260,83.47,77.55,238.82,11.96L
4100326,17.34,passenger,2023-08-28,"491, Atlanta, GA, 30301",#0e795d,139.67417,16.6,22,2.6,228,92.25,67.56,293.24,21.38L
4100327,17.22,passenger,2023-08-24,"825, Dallas, TX, 75001",#e2df57,130.9408,27.2,15,1.36,199,94.43,71.08,177.38,13.33L
4100333,16.05,passenger,2023-11-26,"879, Boston, MA, 02215",#2c6e4e,167.8985,24.7,25,3.94,181,100.85,63.27,227.06,22.86L
4100334,11.94,car,2023-12-09,"176, Seattle, WA, 98101",#f076f3,100.3271,20.7,24,5.74,195,87.72,83.82,211.86,22.41L
4100335,9.80,car,2023-12-21,"957, Dallas, TX, 75001",#bcc04f,107.50333,15.8,21,3.09,214,108.41,63.06,245.86,12.48L
4100337,14.38,car,2023-11-18,"793, Dallas, TX, 75001",#4cb452,68.01344,24.0,15,1.6,198,98.38,63.16,183.67,27.54L
4100343,10.23,car,2023-08-06,"753, Los Angeles, CA, 90001",#a4e7ff,78.98515,29.1,24,3.59,275,88.34,85.95,263.32,22.82L
4100346,17.70,passenger,2023-09-14,"105, San Francisco, CA, 94016",#13a03e,154.22952,17.0,17,5.67,221,96.34,89.62,195.51,21.94L
4100347,13.19,car,2023-11-10,"362, San Francisco, CA, 94016",#f05d93,154.25704,17.0,28,2.7,238,106.59,62.08,220.13,22.55L
4100355,4.45,passenger,2023-08-07,"599, Los Angeles, CA, 90001",#0e122a,75.60795,25.5,15,3.59,264,104.98,82.7,228.7,19.67L
4100356,5.70,passenger,2023-11-19,"720, Los Angeles, CA, 90001",#88e597,181.35202,26.1,25,5.41,172,103.04,70.99,280.88,23.91L
4100357,14.03,car,2023-11-27,"567, Los Angeles, CA, 90001",#13807b,34.68702,16.2,23,4.35,163,106.69,65.61,211.3,28.66L
4100360,13.33,car,2023-08-12,"818, New York City, NY, 10001",#2f04aa,126.3027,21.5,15,2.59,170,102.37,65.92,274.19,17.24L
4100363,14.20,car,2023-09-17,"338, Portland, OR, 97035",#a5dc57,71.52926,24.6,24,1.62,227,82.69,70.13,207.9,16.86L
4100368,14.45,passenger,2023-10-12,"352, Dallas, TX, 75001",#180b84,84.35982,20.9,24,5.74,176,101.99,67.32,209.35,9.04L
4100370,12.27,car,2023-12-07,"83, San Francisco, CA, 94016",#44b019,125.24196,22.4,19,2.33,221,88.06,63.88,273.35,17.11L
4100371,11.37,passenger,2023-10-20,"404, Boston, MA, 02215",#3e3c70,176.4691,22.5,23,5.45,251,80.76,71.35,229.49,26.76L
4100372,18.43,passenger,2023-09-09,"284, Austin, TX, 73301",#141837,121.308,22.6,20,1.89,247,102.49,68.55,289.43,22.96L
4100373,3.77,passenger,2023-08-16,"707, New York City, NY, 10001",#79eedd,38.28098,28.0,24,3.62,272,96.21,72.88,273.07,14.42L
4100375,6.01,car,2023-11-13,"602, Seattle, WA, 98101",#eb9599,136.24215,17.6,26,1.9,252,86.55,64.84,248.83,19.88L
4100376,3.03,car,2023-09-20,"307, San Francisco, CA, 94016",#013a92,167.11982,27.1,26,5.09,234,81.53,74.15,293.92,29.09L
4100389,11.77,car,2023-10-05,"779, Portland, ME, 04101",#c0a3f1,147.86867,26.9,28,1.77,228,81.46,66.43,277.29,20.18L
4100390,13.08,passenger,2023-08-16,"385, Atlanta, GA, 30301",#f206f7,111.6284,29.8,26,2.72,176,91.84,83.13,299.31,17.01L
4100395,11.31,passenger,2023-10-02,"642, San Francisco, CA, 94016",#584a8e,96.47747,27.5,19,5.16,195,93.1,74.02,290.36,7.07L
4100396,15.85,car,2023-12-24,"583, Los Angeles, CA, 90001",#59c3b7,99.81763,26.5,24,4.97,198,86.74,75.75,295.34,10.68L
4100398,19.47,car,2023-11-12,"21, San Francisco, CA, 94016",#b5568c,184.44212,25.4,23,5.17,214,85.81,72.05,161.63,9.17L
4100400,14.79,car,2023-10-16,"506, Seattle, WA, 98101",#aaaf8a,159.93435,15.3,27,1.58,280,102.51,82.69,206.71,8.71L
4100402,16.12,passenger,2023-08-18,"806, San Francisco, CA, 94016",#20ccdb,169.38824,28.4,15,1.63,268,89.13,62.45,285.73,4.97L
4100403,15.27,passenger,2023-12-08,"326, San Francisco, CA, 94016",#10bdca,65.96077,19.6,18,3.79,249,100.27,79.19,260.15,18.89L
4100404,14.85,passenger,2023-10-24,"419, Austin, TX, 73301",#efae0d,131.69958,27.3,15,4.05,192,84.35,83.49,262.83,18.98L
4100406,6.18,car,2023-09-23,"250, Seattle, WA, 98101",#4a94d7,153.25524,21.3,19,5.63,237,95.08,85.0,172.66,18.54L
4100407,5.32,car,2023-11-24,"573, Atlanta, GA, 30301",#e6f7e7,38.0789,22.2,18,4.56,266,92.4,71.46,174.51,15.77L
4100409,18.57,car,2023-12-03,"148, Dallas, TX, 75001",#5f52f1,189.26167,19.1,15,4.08,187,99.41,86.2,215.75,29.39L
4100410,5.25,passenger,2023-11-03,"501, San Francisco, CA, 94016",#bc535b,51.95397,28.6,28,1.41,218,83.32,71.08,268.42,21.27L
4100411,18.00,passenger,2023-12-26,"702, Boston, MA, 02215",#98e310,55.44759,16.5,17,1.17,221,88.64,78.19,203.24,21.41L
4100416,8.07,car,2023-09-13,"582, Seattle, WA, 98101",#14a5e9,53.09012,21.7,15,1.89,244,87.24,74.91,281.22,28.07L
4100417,18.66,passenger,2023-10-27,"464, Portland, ME, 04101",#d07bf3,57.57357,22.0,26,3.97,248,96.82,60.12,195.59,22.12L
4100418,4.82,passenger,2023-08-13,"670, San Francisco, CA, 94016",#7d9d9b,166.65994,26.0,16,5.0,165,97.98,75.83,160.08,29.57L
4100419,14.44,passenger,2023-12-07,"967, Seattle, WA, 98101",#656c62,163.3411,21.8,16,5.92,250,95.48,69.32,252.13,15.41L
4100420,5.88,car,2023-11-16,"189, Seattle, WA, 98101",#302a67,162.71491,23.0,26,5.26,170,106.64,76.67,188.21,3.65L
4100421,19.23,car,2023-12-07,"926, Atlanta, GA, 30301",#0da77e,66.26087,26.2,26,1.48,230,83.45,81.62,179.04,20.66L
4100422,16.38,car,2023-09-09,"293, Boston, MA, 02215",#a63243,60.06656,18.9,19,5.96,237,108.61,60.07,184.37,19.87L
4100426,6.31,passenger,2023-11-18,"76, Los Angeles, CA, 90001",#bbe8c1,127.84591,25.9,28,5.36,256,106.72,70.35,283.94,7.51L
4100429,14.18,car,2023-12-17,"399, Los Angeles, CA, 90001",#4d961f,153.6355,25.7,25,1.95,192,82.01,73.25,295.91,20.80L
4100436,15.32,car,2023-11-24,"811, San Francisco, CA, 94016",#851bb7,181.72889,18.8,21,4.71,222,80.21,75.95,299.72,22.95L
4100440,18.24,passenger,2023-09-22,"558, New York City, NY, 10001",#c4ddee,44.1074,23.9,25,2.35,226,82.22,89.71,270.71,16.19L
4100441,5.77,passenger,2023-08-16,"453, Portland, OR, 97035",#dff71d,163.89716,17.3,25,4.2,196,80.19,60.93,162.37,14.76L
4100443,11.11,car,2023-08-14,"21, Dallas, TX, 75001",#fde7c9,176.56646,28.2,23,3.04,207,86.72,82.16,211.21,24.04L
4100450,10.67,passenger,2023-11-14,"172, Boston, MA, 02215",#b44cd0,152.67018,18.9,28,3.15,182,94.75,79.11,191.24,27.49L
4100453,5.75,passenger,2023-09-21,"933, Los Angeles, CA, 90001",#f453bf,58.82787,15.9,28,3.54,199,98.86,66.63,181.8,15.24L
4100455,3.16,passenger,2023-09-20,"185, San Francisco, CA, 94016",#60d85a,114.2834,26.7,25,2.95,168,80.31,78.51,205.97,3.24L
4100461,16.11,car,2023-09-06,"318, New York City, NY, 10001",#67d44a,86.33499,25.1,15,1.97,254,108.27,62.33,290.66,20.09L
4100467,17.79,passenger,2023-08-17,"227, San Francisco, CA, 94016",#ee612f,152.63672,19.1,24,3.36,166,103.14,65.09,249.24,9.29L
4100476,14.69,car,2023-10-14,"614, San Francisco, CA, 94016",#d6de3f,96.5738,21.3,17,1.24,172,85.75,75.53,266.81,5.31L
4100479,18.78,car,2023-12-07,"992, New York City, NY, 10001",#bd351d,71.50639,27.1,24,1.84,266,99.24,68.92,237.49,19.12L
4100480,4.46,car,2023-12-20,"449, Austin, TX, 73301",#ed27b9,90.88782,29.4,23,1.7,252,93.1,74.44,281.57,5.93L
4100481,17.44,passenger,2023-08-07,"393, New York City, NY, 10001",#8c202f,72.34434,21.9,27,4.23,201,89.61,79.33,264.53,12.55L
4100482,13.64,car,2023-11-07,"730, New York City, NY, 10001",#4466ed,115.02991,29.2,25,5.55,226,80.47,64.67,277.73,25.35L
4100484,13.77,passenger,2023-10-28,"623, Atlanta, GA, 30301",#4c0871,85.8214,20.5,18,2.42,221,96.17,67.66,286.03,27.17L
4100489,19.94,passenger,2023-11-09,"471, Los Angeles, CA, 90001",#580659,152.32426,28.1,19,4.26,176,90.26,87.19,172.07,6.21L
4100492,13.26,passenger,2023-09-01,"448, San Francisco, CA, 94016",#ecfa67,182.43355,19.5,26,2.6,158,104.55,62.54,209.71,9.61L
4100497,4.41,car,2023-10-07,"811, New York City, NY, 10001",#c5b29f,94.93033,17.4,26,5.05,259,86.71,76.67,198.0,5.01L
4100500,14.10,passenger,2023-08-28,"815, Seattle, WA, 98101",#e1b3f3,155.0478,16.9,24,1.58,228,93.56,69.47,251.1,10.71L
4100504,3.18,car,2023-09-25,"339, Portland, OR, 97035",#782887,122.73446,27.1,27,5.7,182,89.48,81.47,241.1,27.78L
4100507,3.00,passenger,2023-12-21,"765, New York City, NY, 10001",#f06f87,56.61965,25.6,18,1.79,199,87.16,73.32,191.57,21.72L
4100510,5.50,passenger,2023-11-28,"488, Los Angeles, CA, 90001",#aa80ea,107.2439,28.8,27,1.86,234,97.95,82.73,210.94,18.75L
4100514,4.17,passenger,2023-09-22,"465, Dallas, TX, 75001",#ef721a,85.17575,19.6,20,1.92,255,98.87,68.06,251.03,27.50L
4100519,16.07,passenger,2023-12-26,"990, Los Angeles, CA, 90001",#de4dc2,37.82869,22.2,26,5.31,203,103.13,76.32,267.91,12.69L
4100520,9.10,car,2023-11-23,"543, Seattle, WA, 98101",#13cb07,116.2942,28.7,16,4.19,211,87.07,71.67,244.48,25.27L
4100522,16.90,car,2023-08-18,"532, San Francisco, CA, 94016",#3a8fae,90.86402,19.1,15,4.0,196,94.09,81.79,275.29,25.69L
4100526,6.24,car,2023-12-04,"342, San Francisco, CA, 94016",#7ac2fd,36.10417,21.7,17,3.0,235,100.54,69.61,237.82,4.62L
4100535,9.11,passenger,2023-09-12,"432, San Francisco, CA, 94016",#4695f9,170.22458,20.2,24,5.34,217,94.0,86.36,279.05,13.36L
4100538,7.94,car,2023-12-17,"80, Los Angeles, CA, 90001",#353bb8,44.2026,27.0,20,4.4,185,100.55,89.33,281.25,12.86L
4100539,9.20,passenger,2023-09-17,"429, San Francisco, CA, 94016",#34629d,66.25838,24.3,26,3.65,179,86.1,61.88,217.85,16.84L
4100541,17.58,passenger,2023-09-19,"324, Seattle, WA, 98101",#52cdc3,47.34393,25.2,16,2.64,250,81.06,85.81,234.35,18.74L
4100545,4.30,passenger,2023-10-12,"253, Boston, MA, 02215",#25443b,145.81194,28.6,23,4.22,244,101.46,63.11,185.04,3.70L
4100546,17.23,passenger,2023-11-20,"817, New York City, NY, 10001",#720bec,112.0697,28.8,27,3.67,257,103.03,65.37,234.66,28.32L
4100551,11.66,passenger,2023-11-02,"316, Dallas, TX, 75001",#8e1339,85.63498,24.9,27,3.11,250,90.65,87.25,269.09,14.82L
4100554,17.81,passenger,2023-12-16,"442, New York City, NY, 10001",#4bfb1b,132.16573,28.2,24,4.31,218,81.31,62.21,221.5,6.59L
4100562,8.01,car,2023-12-10,"587, Austin, TX, 73301",#bfb0b9,154.83163,28.8,21,2.78,179,96.88,67.56,178.82,8.04L
4100564,6.12,car,2023-12-18,"605, San Francisco, CA, 94016",#aaea41,91.83919,18.3,19,5.23,273,87.34,67.81,271.06,20.96L
4100569,10.16,car,2023-12-16,"627, Austin, TX, 73301",#1552da,86.20797,22.7,18,1.44,242,98.93,76.15,260.22,27.16L
4100570,6.64,car,2023-11-23,"915, Austin, TX, 73301",#efad53,142.13994,23.5,28,4.65,236,101.94,72.05,282.04,5.45L
4100575,5.57,car,2023-11-15,"376, New York City, NY, 10001",#022797,37.40467,16.7,22,1.93,212,95.22,84.94,187.4,11.66L
4100576,11.58,passenger,2023-09-06,"649, Dallas, TX, 75001",#bec028,100.2357,21.2,21,5.96,156,102.94,70.62,165.6,27.95L
4100577,6.67,passenger,2023-12-25,"274, New York City, NY, 10001",#bd666c,97.19609,17.9,27,1.3,196,102.59,72.08,229.36,18.56L
4100579,7.08,car,2023-12-24,"776, Boston, MA, 02215",#f5819d,63.4601,23.5,18,4.74,175,100.56,70.23,200.74,25.36L
4100582,5.38,passenger,2023-09-19,"867, Dallas, TX, 75001",#ab3862,52.05873,21.5,27,2.95,212,97.72,65.41,190.06,8.30L
4100584,3.77,passenger,2023-09-26,"505, San Francisco, CA, 94016",#9791e4,116.34694,28.0,18,4.77,269,98.66,76.12,248.21,8.49L
4100591,6.64,passenger,2023-12-17,"225, Seattle, WA, 98101",#c50c33,107.12141,17.1,17,1.04,251,101.37,75.02,269.06,4.10L
4100595,8.81,car,2023-09-08,"966, Los Angeles, CA, 90001",#406478,88.14909,23.3,15,5.96,181,92.68,85.92,275.99,12.45L
4100598,8.30,passenger,2023-08-02,"35, San Francisco, CA, 94016",#cf083d,177.04707,23.7,18,4.6,252,81.27,64.06,222.88,14.00L
4100603,12.21,passenger,2023-08-27,"468, Austin, TX, 73301",#29a267,135.22988,21.4,27,3.86,187,104.03,67.7,187.93,25.28L
4100608,5.72,car,2023-12-26,"568, Portland, OR, 97035",#c79d22,49.46349,23.8,27,4.99,230,86.42,67.41,174.17,3.10L
4100613,8.91,car,2023-09-28,"400, Dallas, TX, 75001",#2e2066,173.08406,22.1,22,4.15,276,99.21,86.93,210.9,14.15L
4100614,3.25,passenger,2023-11-20,"956, San Francisco, CA, 94016",#5194be,102.34266,16.7,21,3.66,154,82.31,64.43,192.7,16.02L
4100616,7.55,passenger,2023-09-01,"548, Boston, MA, 02215",#8626ef,175.06556,17.7,20,3.73,216,88.54,69.23,275.07,13.31L
4100619,3.61,passenger,2023-12-20,"309, Atlanta, GA, 30301",#e3747e,36.21003,23.1,16,2.01,190,84.21,82.03,195.99,5.49L
4100622,17.97,passenger,2023-12-04,"57, Los Angeles, CA, 90001",#592305,171.6369,25.3,20,4.27,269,99.49,72.28,299.03,21.38L
4100623,7.57,car,2023-10-16,"552, San Francisco, CA, 94016",#f853ff,66.47479,29.1,18,2.25,162,87.46,88.7,200.76,9.95L
4100625,18.36,passenger,2023-10-25,"152, Dallas, TX, 75001",#074ceb,43.68012,22.5,27,3.68,273,104.45,89.37,177.12,7.00L
4100628,9.30,car,2023-11-19,"652, Los Angeles, CA, 90001",#432848,82.00344,27.4,27,4.68,255,101.51,65.52,289.24,27.05L
